employee,department,KS,T,KS_rank,fuzzy_cutvertex,hidden,material_p1,material_p5,material_p10
738,22,0.00443090479599597,0.007235649959682115,1,True,False,False,False,False
746,15,0.004407392789061436,0.007217131660053842,2,True,False,False,False,False
180,0,0.003809012453331008,0.005325471371165472,3,True,False,False,False,False
923,9,0.0025640187599105923,0.005372682989304546,4,True,True,True,True,True
326,9,0.0025032194006480457,0.004730580680161246,5,True,False,False,False,False
214,0,0.002277556868113592,0.00509208713214273,6,True,False,False,False,False
784,28,0.002259763420557826,0.004988513252999476,7,True,True,True,True,True
534,4,0.002182776841392502,0.00496842413980145,8,True,True,True,True,True
586,21,0.0020765051516245486,0.004893428936297362,9,True,False,False,False,False
250,7,0.0017625338397664813,0.004492074676577933,10,True,True,True,True,True
595,15,0.001743497619050055,0.004523627716816803,11,True,True,False,True,True
629,1,0.001699543361786883,0.004517107927355293,12,True,True,False,True,True
628,7,0.0016458540651776462,0.004363583752848117,13,True,False,False,False,False
485,10,0.0016362266040830453,0.004333603184994545,14,True,False,False,False,False
184,15,0.0014931735687297278,0.004182181263648219,15,True,False,False,False,False
369,20,0.001449484129429546,0.0041726603185928985,16,True,False,False,False,False
248,1,0.0013980746587211922,0.004125832878243041,17,True,False,False,False,False
147,23,0.0013598299330988845,0.0041614417193138456,18,True,True,False,True,True
712,0,0.0013148945874868958,0.0040267352983587934,19,True,False,False,False,False
663,15,0.001271602837999143,0.004013334850996199,20,True,False,False,False,False
761,7,0.0012676105178639474,0.003935573866942346,21,True,True,False,True,True
4,21,0.0012642154147380453,0.003890229712018564,22,True,False,False,False,False
319,19,0.0012308814217028023,0.003904162195936864,23,True,True,False,True,True
418,15,0.0012023091825556422,0.004018348836472017,24,True,False,False,False,False
987,22,0.001131698681036252,0.003949397985364306,25,True,True,False,True,True
772,7,0.001130696175891881,0.0039392760748222025,26,True,False,False,False,False
139,17,0.0011198905916050203,0.003764221250803419,27,True,True,False,True,True
718,21,0.0011150939057426818,0.003933439628588832,28,True,False,False,False,False
506,14,0.0011088936931700924,0.003923058676037371,29,True,False,False,False,False
62,36,0.0010424354182027296,0.003837660741238199,30,True,True,False,True,True
333,10,0.001012956823104777,0.0037719741242462027,31,True,True,False,True,True
90,8,0.000989267544689888,0.003803769955139539,32,True,True,False,True,True
332,14,0.0009615267732533526,0.003751373681344584,33,True,False,False,False,False
1004,22,0.0009397285534774219,0.003700025035492594,34,True,False,False,False,False
956,14,0.0009335757214812189,0.003682754558078752,35,True,True,False,True,True
547,10,0.000916365032362845,0.0036728867423810184,36,True,True,False,True,True
66,8,0.0009020382595517321,0.003491588399315523,37,True,False,False,False,False
383,7,0.0008984074914363208,0.00367211180819416,38,True,True,False,True,True
335,17,0.0008955740268065102,0.0036880749660004927,39,True,False,False,False,False
577,27,0.0008639403037336841,0.003579961166480017,40,True,True,False,True,True
160,36,0.0008601508734723024,0.003632052409004597,41,True,True,False,True,True
565,14,0.0008556096210767542,0.003577501209009779,42,True,True,False,True,True
2,21,0.0008385845957136792,0.0036298001236482573,43,True,False,False,False,False
500,14,0.0008215928578365419,0.0036253875042845845,44,True,True,False,True,True
692,0,0.0007771684881674101,0.003587368510929966,45,True,True,False,True,True
11,14,0.0007701896382813605,0.0025468306807931835,46,True,False,False,False,False
448,17,0.0007695737608362167,0.0017479697523433012,47,True,False,False,False,False
844,4,0.0007533669624987474,0.0035105170429582592,48,True,True,False,True,True
926,19,0.0007456803035976762,0.003461660040185914,49,True,False,False,False,False
127,6,0.0007453568200710129,0.00346536774644487,50,True,True,False,True,True
135,13,0.0007186585821044497,0.0035381133232995792,51,True,False,False,False,False
281,21,0.0007052824004813872,0.0032761184568421025,52,True,True,False,False,True
356,8,0.000695266138020666,0.003516066854022348,53,True,True,False,False,True
450,4,0.000671586322745945,0.003475180699382053,54,True,True,False,False,True
514,8,0.0006632904126564748,0.0034038704670338008,55,True,True,False,False,True
479,1,0.000655172718486711,0.0029330430592497993,56,True,False,False,False,False
232,4,0.0006097146222850373,0.003413448239255667,57,True,False,False,False,False
443,10,0.0006093527057181946,0.0034025132385672417,58,True,True,False,False,True
946,23,0.0005953973533663607,0.0033431542460145027,59,True,True,False,False,True
1001,21,0.0005772540364983442,0.003379525068595815,60,True,True,False,False,True
280,4,0.0005606053257308336,0.0033797555605091876,61,True,True,False,False,True
178,0,0.000555678814948197,0.003376471779535711,62,True,True,False,False,True
891,38,0.0005469864511597204,0.003366196851524173,63,True,False,False,False,False
544,4,0.0005455591652684715,0.003080844466934731,64,True,True,False,False,True
454,27,0.0005426104967388905,0.0033608558238837254,65,True,False,False,False,False
517,1,0.0005412394315246619,0.0033340758428820833,66,True,True,False,False,True
15,17,0.0005355844647424372,0.0032859631267167623,67,True,False,False,False,False
845,21,0.0005251743777073931,0.0018947497964015157,68,True,False,False,False,False
159,19,0.0005208682537912389,0.0033345385759927753,69,True,True,False,False,True
377,7,0.0005174758478426399,0.0032876414155863253,70,True,True,False,False,True
486,4,0.0005124622733590437,0.0022376894074795615,71,True,True,False,False,True
14,4,0.0005044442467904522,0.0033098310513345755,72,True,True,False,False,True
0,1,0.0005025889563350155,0.0032857850444630824,73,True,True,False,False,True
469,22,0.0004988941868853082,0.0032977052311506053,74,True,True,False,False,True
934,35,0.0004981880711770937,0.002961977236991817,75,True,True,False,False,True
176,4,0.0004979496931263906,0.002829853850961739,76,True,True,False,False,True
482,2,0.0004834627045478619,0.0032300658056405585,77,True,True,False,False,True
731,1,0.00045949025854044194,0.0032607204348476687,78,True,True,False,False,True
823,14,0.00045861085140987975,0.0031753708445428144,79,True,True,False,False,True
851,0,0.0004459593818875983,0.0032433546943822235,80,True,True,False,False,True
990,21,0.00044231413473147757,0.0032012873292212546,81,True,True,False,False,True
401,4,0.00043115042880979414,0.003250035537840837,82,True,True,False,False,True
40,11,0.00042033602993236084,0.00320941004602209,83,True,True,False,False,True
765,14,0.0004152704281104838,0.0032269143298831056,84,True,False,False,False,False
324,14,0.0004140674214446821,0.0030889665615480193,85,True,False,False,False,False
782,6,0.00041146824687015004,0.003224934702390861,86,True,False,False,False,False
243,19,0.00040394259729647765,0.0027273562434580673,87,True,False,False,False,False
313,1,0.00040341925004447473,0.0031983385812636342,88,True,True,False,False,True
231,0,0.0003820683952370033,0.0031831228910732235,89,True,False,False,False,False
532,21,0.0003820577755912132,0.003155404863250249,90,True,False,False,False,False
499,14,0.00038205755628330516,0.0031547429395546974,91,True,False,False,False,False
650,1,0.0003820223857728275,0.0030630238040829597,92,True,False,False,False,False
34,11,0.00038180791761337473,0.0025028129229496448,93,True,False,False,False,False
168,4,0.00037716066332838525,0.003198881332664347,94,True,False,False,False,False
743,1,0.00036819012028931644,0.003154938316689832,95,True,True,False,False,True
175,32,0.00036380495305334616,0.0031479485463061538,96,True,True,False,False,True
189,15,0.0003589737574137273,0.003160706176292387,97,True,True,False,False,True
696,1,0.00034023360452883027,0.0030979843992235793,98,True,True,False,False,True
397,7,0.00033023921756550556,0.002512848206350241,99,True,True,False,False,True
509,15,0.00032264303845801483,0.0029082297897224095,100,True,True,False,False,False
633,21,0.0003154778797973436,0.003038840906752157,101,True,True,False,False,False
185,16,0.0003132071990420866,0.002925854365465551,102,True,True,False,False,False
603,1,0.00031082356933749853,0.0026375972662926114,103,True,True,False,False,False
881,9,0.00030606927262894114,0.0029893663089944327,104,True,False,False,False,False
927,19,0.0003051148748658342,0.0031098716702150247,105,True,True,False,False,False
810,26,0.0002952983479443178,0.0029247094632440748,106,True,True,False,False,False
571,21,0.00028994350624544023,0.0030727922465651407,107,True,True,False,False,False
188,15,0.00028674880139676934,0.0030496520491136124,108,True,True,False,False,False
936,4,0.00027592097166706986,0.0030003728858208796,109,True,True,False,False,False
890,9,0.00027345311433717124,0.0029977492853476293,110,True,True,False,False,False
84,37,0.0002716947076195969,0.00236379451841498,111,True,True,False,False,False
764,1,0.000264301780886613,0.003027188201305183,112,True,True,False,False,False
863,21,0.0002599232958230512,0.0029158751046061897,113,True,True,False,False,False
167,4,0.00025983522312445075,0.0030173511564335806,114,True,True,False,False,False
72,9,0.0002521396796859832,0.002616099777661708,115,True,True,False,False,False
861,5,0.0002492515603899419,0.0019677092444949744,116,True,True,False,False,False
769,27,0.0002419595298990536,0.0028063670966106064,117,True,False,False,False,False
415,1,0.00023832516118231482,0.0030481925298485703,118,True,False,False,False,False
329,8,0.00023363744708868454,0.002932568261944984,119,True,True,False,False,False
424,34,0.00022862232797695147,0.003017703278100298,120,True,False,False,False,False
191,0,0.00022860436624427683,0.0029393512116606684,121,True,False,False,False,False
752,36,0.00022639933314936688,0.0028547141130425995,122,True,True,False,False,False
671,29,0.0002238444981683726,0.002697461223490924,123,True,True,False,False,False
267,14,0.0002136088106038139,0.0030310631846557213,124,True,False,False,False,False
142,36,0.00019762566660310764,0.0029790368256242352,125,True,False,False,False,False
343,0,0.00019329154487837837,0.0029711389412393,126,True,True,False,False,False
120,1,0.00019305354050763694,0.003008574790267967,127,True,False,False,False,False
932,36,0.00018701142446940806,0.0019552518822394827,128,True,True,False,False,False
190,15,0.00018669627684014906,0.00297560664376617,129,True,True,False,False,False
843,4,0.00018549937605805565,0.0028887604520915536,130,True,True,False,False,False
948,6,0.00018127210621412832,0.0029868953119446414,131,True,True,False,False,False
919,10,0.0001763318375537379,0.0024550165034277773,132,True,True,False,False,False
818,15,0.0001751246510160174,0.0025233144941103473,133,True,True,False,False,False
73,1,0.0001727233899842248,0.0027120224813166308,134,True,True,False,False,False
423,10,0.0001706190402440782,0.0029755670704371823,135,True,True,False,False,False
264,14,0.0001676151521082045,0.002741065563944016,136,True,False,False,False,False
744,4,0.0001676133379427658,0.0027302699076229794,137,True,False,False,False,False
674,14,0.00016164416726453478,0.002845069614545805,138,True,False,False,False,False
337,13,0.00015785909926003806,0.0028697737290374115,139,True,True,False,False,False
362,14,0.00015239365657725956,0.002899906512776452,140,True,True,False,False,False
622,21,0.00014797277951744334,0.0028850724116275773,141,True,True,False,False,False
388,7,0.00014644857425919597,0.0028789547618075922,142,True,True,False,False,False
848,3,0.00014590863542015864,0.0017330786770116758,143,True,True,False,False,False
38,11,0.00014476657763448316,0.00282587181746932,144,True,True,False,False,False
114,10,0.00014285053677528422,0.0025815051975041576,145,True,True,False,False,False
105,34,0.00014206493242525467,0.0028809688121061256,146,True,True,False,False,False
988,22,0.0001420552953618733,0.0028133237480797864,147,True,True,False,False,False
78,3,0.00013964555210045556,0.002797616385408766,148,True,True,False,False,False
680,0,0.00013899037052243768,0.0029047932348576972,149,True,True,False,False,False
854,17,0.00013738153546768411,0.0028930709815565667,150,True,True,False,False,False
977,19,0.00012339040792619103,0.0029424719972421408,151,True,True,False,False,False
896,38,0.0001231789078496931,0.0018418532964871817,152,True,True,False,False,False
155,35,0.000122748442121945,0.0015923821813041933,153,True,True,False,False,False
459,1,0.00012130212472424958,0.002045103141404961,154,True,True,False,False,False
98,16,0.00011962851060077194,0.0029393921429038765,155,True,True,False,False,False
164,17,0.00011784780018212675,0.00273292315298566,156,True,False,False,False,False
868,7,0.00010971096863219509,0.002897297255694908,157,True,True,False,False,False
316,1,0.00010262001991615155,0.002924498692012396,158,True,True,False,False,False
306,9,9.512020293464382e-05,0.0028762777210870273,159,True,True,False,False,False
951,14,9.502574081472982e-05,0.00290154685859323,160,True,True,False,False,False
812,32,8.754257188611166e-05,0.002837132514594374,161,True,True,False,False,False
166,36,8.583258671447698e-05,0.00288404846093911,162,True,False,False,False,False
790,4,8.387075669049915e-05,0.0029021851134219488,163,True,False,False,False,False
200,4,8.386989490550528e-05,0.0028919425639685756,164,True,False,False,False,False
648,21,8.386819085362147e-05,0.002871681409368338,165,True,False,False,False,False
850,4,8.386798681945184e-05,0.002869255388656878,166,True,False,False,False,False
644,25,8.38676420006741e-05,0.002865155379704419,167,True,False,False,False,False
52,7,8.386686749060122e-05,0.0028559460704716574,168,True,False,False,False,False
885,9,8.386437310807403e-05,0.00282628547600412,169,True,False,False,False,False
327,9,8.385786021344104e-05,0.0027488326049345977,170,True,False,False,False,False
522,4,8.384430968471169e-05,0.002587647972902276,171,True,False,False,False,False
527,10,8.384175962899679e-05,0.002557309030208898,172,True,False,False,False,False
688,4,8.383765175371639e-05,0.0025084322569700205,173,True,False,False,False,False
841,7,8.383175789920613e-05,0.002438296985426172,174,True,False,False,False,False
794,17,8.379000178693306e-05,0.0019411280088706892,175,True,False,False,False,False
205,5,8.378817940714446e-05,0.001919418563661624,176,True,False,False,False,False
55,22,8.377561667228736e-05,0.001769736919234941,177,True,False,False,False,False
217,37,8.368371528535553e-05,0.0006733894110350065,178,True,False,False,False,False
115,13,8.366493970290902e-05,0.0004491077724041603,179,True,False,False,False,False
334,17,8.242382250359996e-05,0.0028942819152353912,180,True,True,False,False,False
433,37,7.137152283175854e-05,0.0028134480381684797,181,True,True,False,False,False
634,21,6.963149771066836e-05,0.0026513578787403054,182,True,True,False,False,False
568,4,6.518952083645895e-05,0.002783561326315183,183,True,True,False,False,False
374,14,6.246349975956392e-05,0.0026439713157453536,184,True,True,False,False,False
107,36,6.166222055608694e-05,0.0028795339614901758,185,True,True,False,False,False
61,7,5.086101355658172e-05,0.0028699703224518225,186,True,True,False,False,False
915,11,4.6289560219360576e-05,0.0028686248726978157,187,True,True,False,False,False
950,36,4.257892590391782e-05,0.0027919655144333527,188,True,True,False,False,False
742,23,3.82495219205101e-05,0.002854297790644305,189,True,True,False,False,False
540,15,3.337086566662809e-05,0.0028513698626191726,190,True,True,False,False,False
913,14,3.331854507914413e-05,0.002485661179168427,191,True,True,False,False,False
440,4,2.792718846994826e-05,0.002566835199460921,192,True,True,False,False,False
322,17,2.6588927829666867e-05,0.002767248862540796,193,True,True,False,False,False
879,19,2.4919145756939246e-05,0.0026668215032713467,194,True,True,False,False,False
88,20,2.125685386623273e-05,0.00214717558757385,195,True,True,False,False,False
662,16,2.0819012685119253e-05,0.0027993582791702126,196,True,True,False,False,False
410,27,2.0759595283204944e-05,0.002789886581217648,197,True,True,False,False,False
935,16,1.4734868928275517e-05,0.0028268637318085202,198,True,True,False,False,False
788,24,1.4001132910872687e-05,0.002582867206631261,199,True,True,False,False,False
193,21,1.0539908192546632e-05,0.0027823712230428464,200,True,True,False,False,False
1000,4,1.0485055359317979e-05,0.0024828805373870166,201,True,True,False,False,False
929,17,1.0271659268097515e-05,0.0025406433322906568,202,True,True,False,False,False
104,7,9.961183095559161e-06,0.0028066679300658877,203,True,True,False,False,False
720,14,9.898174583460257e-06,0.0028154333934573496,204,True,True,False,False,False
32,11,9.19343952456019e-06,0.0027827910607800344,205,True,True,False,False,False
165,13,8.818530500738916e-06,0.002828831483873943,206,True,True,False,False,False
947,7,8.13191490995028e-06,0.0028300461724779934,207,True,True,False,False,False
290,4,7.777603325466062e-06,0.002736605358543124,208,True,True,False,False,False
321,7,6.5162249551398345e-06,0.0026839154827784915,209,True,True,False,False,False
150,7,6.1378852611994304e-06,0.002517282868776319,210,True,True,False,False,False
207,4,5.079378225464691e-06,0.00281930045639088,211,True,True,False,False,False
67,15,4.9942221171569205e-06,0.002821521205735009,212,True,True,False,False,False
132,28,4.261173306120393e-06,0.002333054971586971,213,True,True,False,False,False
771,38,4.190755835672142e-06,0.0027720262911369205,214,True,True,False,False,False
304,20,4.175447324858056e-06,0.0023687178561966724,215,True,True,False,False,False
309,1,3.317897810284404e-06,0.0022846353302115566,216,True,True,False,False,False
41,5,3.2413836957195827e-06,0.0026780935191864936,217,True,True,False,False,False
58,21,2.9973066239480464e-06,0.002531783102736487,218,True,True,False,False,False
310,1,2.014869970728747e-06,0.002686640948250013,219,True,True,False,False,False
143,8,1.7608074917731165e-06,0.002573055874486714,220,True,True,False,False,False
955,5,1.531514284048874e-06,0.002788705461450213,221,True,True,False,False,False
909,4,1.4984524369406229e-06,0.0026215394024814275,222,True,True,False,False,False
118,26,1.3698135079179757e-06,0.0026349018997179527,223,True,True,False,False,False
638,38,1.317359929604057e-06,0.0027565109012427156,224,True,True,False,False,False
229,10,1.2345978450974547e-06,0.002720137475832391,225,True,True,False,False,False
832,21,1.1054179579560512e-06,0.002762580822453321,226,True,True,False,False,False
559,27,1.0079332514743225e-06,0.002702138257186549,227,True,True,False,False,False
288,37,9.95741385328136e-07,0.0028215517140682224,228,True,True,False,False,False
695,23,8.749652111882444e-07,0.0025659290645705175,229,True,True,False,False,False
233,19,8.273987443936415e-07,0.0027555293797215984,230,True,True,False,False,False
997,11,6.104039728512566e-07,0.0025157384869391453,231,True,True,False,False,False
428,17,6.059282359372025e-07,0.0028198651827268362,232,True,True,False,False,False
5,25,5.966004829574836e-07,0.0027196787699717197,233,True,True,False,False,False
991,32,2.4584926774967645e-07,0.0027526169670831265,234,True,True,False,False,False
420,26,2.342672094180574e-07,0.00256722901126698,235,True,True,False,False,False
707,14,1.9608852758111236e-07,0.002776506084740015,236,True,True,False,False,False
381,7,1.8595722725187388e-07,0.00278406906800593,237,True,True,False,False,False
862,2,1.6569927152721116e-07,0.0027902732753902764,238,True,True,False,False,False
912,14,1.4273348064129066e-07,0.0028227713146655926,239,True,True,False,False,False
112,8,5.040569163362479e-08,0.002786417102833096,240,True,True,False,False,False
518,35,4.907682078752991e-08,0.002650312603569387,241,True,True,False,False,False
833,14,3.238113784984802e-08,0.0026531858513815314,242,True,True,False,False,False
684,34,2.8448757253041876e-08,0.0027976471877243785,243,True,True,False,False,False
978,13,2.5424817260898194e-08,0.0028188832142669222,244,True,True,False,False,False
895,10,1.7536879603523007e-08,0.0024628063192620557,245,True,True,False,False,False
29,11,9.343652776921128e-09,0.0026768661214338,246,True,True,False,False,False
952,15,8.10110204970112e-09,0.0027552052567101017,247,True,True,False,False,False
236,19,7.3697986750173236e-09,0.0027432815262563876,248,True,True,False,False,False
75,10,3.1645891242525545e-09,0.0027919050771946703,249,True,True,False,False,False
921,21,2.7367778756358106e-09,0.0027054748068622877,250,True,True,False,False,False
516,1,2.6803811558989928e-09,0.00277528959684726,251,True,True,False,False,False
602,14,1.98700811859939e-09,0.002770143187550964,252,True,True,False,False,False
685,21,1.9045832326442245e-09,0.0027823003865703076,253,True,True,False,False,False
758,41,1.6999045241538274e-09,0.0026843773612360332,254,True,True,False,False,False
245,10,1.295779476050774e-09,0.002788957516969291,255,True,True,False,False,False
48,10,1.0607425165164755e-09,0.0027595843944455815,256,True,True,False,False,False
710,15,7.562247637659553e-10,0.002727760981247331,257,True,True,False,False,False
546,35,1.6539127339737567e-10,0.002703261492588926,258,True,True,False,False,False
253,31,9.033843561179032e-11,0.0025695328419698153,259,True,True,False,False,False
569,14,7.521807569498973e-11,0.0028086381645591753,260,True,True,False,False,False
716,29,5.5650391980345345e-11,0.0027372829476089927,261,True,True,False,False,False
849,21,4.1568499566086685e-11,0.0027834253976650753,262,True,True,False,False,False
372,36,3.810270747777264e-11,0.0026790682387702845,263,True,True,False,False,False
976,10,1.5925873967093246e-11,0.002672532712163412,264,True,True,False,False,False
541,23,1.2296467442543395e-11,0.00276096855861844,265,True,True,False,False,False
980,12,1.0295661685914839e-11,0.0026841185731759686,266,True,True,False,False,False
535,9,7.622726637230587e-12,0.002750476773582563,267,True,True,False,False,False
607,34,7.352808447181516e-12,0.002809263965206546,268,True,True,False,False,False
873,15,1.7598231893101609e-12,0.0027311291534241598,269,True,True,False,False,False
537,6,1.4138974379466747e-12,0.0027052614615528416,270,True,True,False,False,False
416,9,4.708179461180051e-13,0.002820810193587246,271,False,False,False,False,False
347,0,1.1491747713364131e-13,0.002697742467376567,272,False,False,False,False,False
724,13,4.436360326400716e-14,0.0027842878960996865,273,False,False,False,False,False
103,7,2.5234891979565066e-14,0.002747701988865214,274,False,False,False,False,False
592,17,1.7038593463633364e-14,0.0028075820136975304,275,False,False,False,False,False
425,4,1.141267144449379e-14,0.0028100855791234904,276,False,False,False,False,False
759,31,1.606842125290767e-16,0.0024523850250174548,277,False,False,False,False,False
478,8,1.6068344904144168e-16,0.0024476451761162145,278,False,False,False,False,False
480,15,1.606814493144853e-16,0.0024352303494959986,279,False,False,False,False,False
672,14,1.6068124354617146e-16,0.002433952868589873,280,False,False,False,False,False
379,7,1.606795537510921e-16,0.002423461912158714,281,False,False,False,False,False
393,7,1.60679117401575e-16,0.0024207528355362513,282,False,False,False,False,False
169,13,1.6067867756404692e-16,0.002418022088701827,283,False,False,False,False,False
612,37,1.606691038172469e-16,0.0023585794389210783,284,False,False,False,False,False
819,17,1.606689615946517e-16,0.0023576963364816458,285,False,False,False,False,False
398,7,1.6066782646658369e-16,0.0023506479322950168,286,False,False,False,False,False
706,4,0.0,0.002267042961870998,287,False,False,False,False,False
714,4,0.0,0.0022595701998127946,287,False,False,False,False,False
727,4,0.0,0.001522257214520628,287,False,False,False,False,False
708,16,0.0,0.0018738424685558121,287,False,False,False,False,False
745,6,0.0,0.002412464436384029,287,False,False,False,False,False
715,15,0.0,0.002559736802348827,287,False,False,False,False,False
717,24,0.0,0.00036547341001206293,287,False,False,False,False,False
726,31,0.0,0.00038140978640435194,287,False,False,False,False,False
709,16,0.0,0.0010577866679441442,287,False,False,False,False,False
719,7,0.0,0.0026680096339356404,287,False,False,False,False,False
721,11,0.0,0.00268640265613869,287,False,False,False,False,False
722,11,0.0,0.0024994230027379017,287,False,False,False,False,False
723,9,0.0,0.0026661427020474213,287,False,False,False,False,False
725,10,0.0,0.00016265986264578952,287,False,False,False,False,False
711,21,0.0,0.002267056977391761,287,False,False,False,False,False
753,10,0.0,0.00013020611783753978,287,False,False,False,False,False
754,14,0.0,0.00256505634403421,287,False,False,False,False,False
756,39,0.0,8.3719356662786e-05,287,False,False,False,False,False
121,36,0.0,8.3719356662786e-05,287,False,False,False,False,False
153,27,0.0,0.002726651837711757,287,False,False,False,False,False
154,35,0.0,0.001786214131818682,287,False,False,False,False,False
122,0,0.0,0.0026400033869581774,287,False,False,False,False,False
123,13,0.0,8.3719356662786e-05,287,False,False,False,False,False
124,16,0.0,0.0014446991356161208,287,False,False,False,False,False
125,16,0.0,0.0026249941045119766,287,False,False,False,False,False
741,7,0.0,0.0015163232046645021,287,False,False,False,False,False
128,5,0.0,8.3719356662786e-05,287,False,False,False,False,False
129,4,0.0,0.0015607946716889754,287,False,False,False,False,False
130,0,0.0,0.0013923095028504208,287,False,False,False,False,False
131,28,0.0,0.0016719562131689814,287,False,False,False,False,False
133,4,0.0,0.0026343592252715806,287,False,False,False,False,False
134,2,0.0,0.002777249321510333,287,False,False,False,False,False
136,13,0.0,0.002772501621195232,287,False,False,False,False,False
757,10,0.0,0.0010212510131155609,287,False,False,False,False,False
789,4,0.0,0.002744982008428156,287,False,False,False,False,False
792,24,0.0,0.00018775085667324434,287,False,False,False,False,False
126,22,0.0,0.002802817269135467,287,False,False,False,False,False
760,17,0.0,0.0005250317200703142,287,False,False,False,False,False
762,21,0.0,0.0026820260123376636,287,False,False,False,False,False
730,23,0.0,0.0027105751785822673,287,False,False,False,False,False
732,4,0.0,0.002441519148390928,287,False,False,False,False,False
733,9,0.0,0.000620747435171421,287,False,False,False,False,False
734,1,0.0,0.00013020611783753978,287,False,False,False,False,False
735,17,0.0,0.0022054273049259853,287,False,False,False,False,False
736,27,0.0,0.002246209793000139,287,False,False,False,False,False
737,28,0.0,0.002596746850852226,287,False,False,False,False,False
739,14,0.0,0.0024969714837451713,287,False,False,False,False,False
751,5,0.0,0.002105045342907352,287,False,False,False,False,False
705,4,0.0,0.0015163232046645021,287,False,False,False,False,False
774,21,0.0,0.0028217270110599355,287,False,False,False,False,False
775,1,0.0,0.0024693972757256206,287,False,False,False,False,False
776,5,0.0,0.002660016811442026,287,False,False,False,False,False
777,9,0.0,0.0021477136413497674,287,False,False,False,False,False
778,15,0.0,0.00022822617028210932,287,False,False,False,False,False
779,15,0.0,0.002476817631169485,287,False,False,False,False,False
747,15,0.0,0.0014787043078480777,287,False,False,False,False,False
748,23,0.0,0.002322367243439604,287,False,False,False,False,False
749,4,0.0,0.0026531535560400834,287,False,False,False,False,False
750,20,0.0,0.002413864605854692,287,False,False,False,False,False
740,20,0.0,0.0025397376224373246,287,False,False,False,False,False
141,14,0.0,0.0026520795179993824,287,False,False,False,False,False
144,40,0.0,0.0016647658550746033,287,False,False,False,False,False
145,35,0.0,8.3719356662786e-05,287,False,False,False,False,False
146,15,0.0,0.0013510997395463277,287,False,False,False,False,False
148,0,0.0,0.000752449275296071,287,False,False,False,False,False
149,0,0.0,0.002561757554086127,287,False,False,False,False,False
151,10,0.0,0.002554913509945178,287,False,False,False,False,False
617,17,0.0,0.00266488136845313,287,False,False,False,False,False
635,21,0.0,0.00013020611783753978,287,False,False,False,False,False
636,21,0.0,8.3719356662786e-05,287,False,False,False,False,False
791,4,0.0,0.002470478970306146,287,False,False,False,False,False
47,10,0.0,8.3719356662786e-05,287,False,False,False,False,False
49,36,0.0,0.0011678734881359332,287,False,False,False,False,False
50,37,0.0,0.002470478970306146,287,False,False,False,False,False
51,5,0.0,8.3719356662786e-05,287,False,False,False,False,False
53,4,0.0,0.0027354898493292083,287,False,False,False,False,False
54,22,0.0,0.00028536280736559414,287,False,False,False,False,False
56,21,0.0,0.002719788992740445,287,False,False,False,False,False
57,21,0.0,0.00022822617028210932,287,False,False,False,False,False
26,11,0.0,0.0012719965765914392,287,False,False,False,False,False
651,26,0.0,0.0004212456913329469,287,False,False,False,False,False
637,19,0.0,0.0006162451930013272,287,False,False,False,False,False
627,15,0.0,0.0008590980379874367,287,False,False,False,False,False
630,20,0.0,0.0028110290133151364,287,False,False,False,False,False
631,19,0.0,0.002655264481967664,287,False,False,False,False,False
632,7,0.0,8.3719356662786e-05,287,False,False,False,False,False
600,4,0.0,0.001577152797827039,287,False,False,False,False,False
601,36,0.0,0.0021561588090758133,287,False,False,False,False,False
27,11,0.0,0.0013115047804832115,287,False,False,False,False,False
28,11,0.0,0.0025787155842952273,287,False,False,False,False,False
30,11,0.0,0.002769734863808584,287,False,False,False,False,False
639,19,0.0,0.0010459174217815647,287,False,False,False,False,False
138,21,0.0,0.0019926782163571504,287,False,False,False,False,False
641,23,0.0,0.0026524392339607704,287,False,False,False,False,False
642,6,0.0,8.3719356662786e-05,287,False,False,False,False,False
643,37,0.0,0.0026549150919423312,287,False,False,False,False,False
645,1,0.0,0.000395488583388112,287,False,False,False,False,False
646,22,0.0,0.0027585075576110588,287,False,False,False,False,False
647,6,0.0,0.002723391087094258,287,False,False,False,False,False
649,14,0.0,0.002217504100202852,287,False,False,False,False,False
137,21,0.0,0.0024683126830487984,287,False,False,False,False,False
170,13,0.0,0.002671049737207181,287,False,False,False,False,False
171,10,0.0,0.002597806583374417,287,False,False,False,False,False
640,16,0.0,0.0011808249025910989,287,False,False,False,False,False
681,0,0.0,0.0012119710221159528,287,False,False,False,False,False
713,15,0.0,0.002737009728951204,287,False,False,False,False,False
682,0,0.0,0.0026692345772293376,287,False,False,False,False,False
683,22,0.0,0.001938256902205111,287,False,False,False,False,False
686,6,0.0,0.002512912673145359,287,False,False,False,False,False
687,16,0.0,0.0027637740539795397,287,False,False,False,False,False
689,4,0.0,8.3719356662786e-05,287,False,False,False,False,False
690,15,0.0,0.0009791495192844205,287,False,False,False,False,False
691,21,0.0,0.001633782587339088,287,False,False,False,False,False
693,36,0.0,0.0027632971425602905,287,False,False,False,False,False
652,8,0.0,0.001969128789673749,287,False,False,False,False,False
697,1,0.0,0.0027635373983821102,287,False,False,False,False,False
728,22,0.0,0.00032958326755665217,287,False,False,False,False,False
729,14,0.0,0.002233086876701216,287,False,False,False,False,False
698,22,0.0,0.002765893550997801,287,False,False,False,False,False
699,14,0.0,0.002193572720816745,287,False,False,False,False,False
700,14,0.0,0.0027735000524168794,287,False,False,False,False,False
701,30,0.0,0.0011974313158054257,287,False,False,False,False,False
702,4,0.0,0.0027279168755619536,287,False,False,False,False,False
703,9,0.0,0.002661007632237402,287,False,False,False,False,False
704,10,0.0,0.0027165336726525063,287,False,False,False,False,False
694,4,0.0,0.0005250317200703142,287,False,False,False,False,False
653,7,0.0,0.0014587754888631735,287,False,False,False,False,False
654,37,0.0,0.0027387622041451184,287,False,False,False,False,False
655,4,0.0,8.3719356662786e-05,287,False,False,False,False,False
656,0,0.0,0.002678520961626472,287,False,False,False,False,False
657,17,0.0,0.0025590546806436953,287,False,False,False,False,False
658,14,0.0,0.0027033310052550657,287,False,False,False,False,False
659,6,0.0,0.002561757554094622,287,False,False,False,False,False
660,17,0.0,0.00236260398286158,287,False,False,False,False,False
661,14,0.0,0.000961809848164211,287,False,False,False,False,False
664,4,0.0,0.0024869633689264996,287,False,False,False,False,False
679,29,0.0,0.002322205429218524,287,False,False,False,False,False
666,14,0.0,0.0004640924376585752,287,False,False,False,False,False
667,15,0.0,0.00032958326755665217,287,False,False,False,False,False
668,0,0.0,0.0026751487910063273,287,False,False,False,False,False
669,23,0.0,0.0023793708108700213,287,False,False,False,False,False
670,21,0.0,0.0026995667282957323,287,False,False,False,False,False
673,23,0.0,0.0004640924376585752,287,False,False,False,False,False
675,1,0.0,0.00022822617028210932,287,False,False,False,False,False
676,17,0.0,0.0025389789175340443,287,False,False,False,False,False
677,26,0.0,0.0008616811683518924,287,False,False,False,False,False
678,15,0.0,0.0019715674902377805,287,False,False,False,False,False
665,32,0.0,0.0015810805680844728,287,False,False,False,False,False
880,21,0.0,0.0024639063181487093,287,False,False,False,False,False
914,13,0.0,0.00013020611783753978,287,False,False,False,False,False
916,1,0.0,0.0016565140792593718,287,False,False,False,False,False
917,5,0.0,0.00036547341001206293,287,False,False,False,False,False
918,5,0.0,0.002590226070602176,287,False,False,False,False,False
920,23,0.0,0.002747238462038238,287,False,False,False,False,False
922,14,0.0,0.0018996462393815132,287,False,False,False,False,False
892,38,0.0,0.0007033312786996461,287,False,False,False,False,False
893,14,0.0,0.0017990318246627033,287,False,False,False,False,False
894,9,0.0,0.0019588718321907036,287,False,False,False,False,False
785,11,0.0,8.3719356662786e-05,287,False,False,False,False,False
930,19,0.0,0.0007696876943741263,287,False,False,False,False,False
931,19,0.0,0.002224586743991819,287,False,False,False,False,False
933,17,0.0,0.002655611161586371,287,False,False,False,False,False
937,16,0.0,0.0014020674387059458,287,False,False,False,False,False
938,4,0.0,0.00038140978640435194,287,False,False,False,False,False
939,6,0.0,0.0024899017358643544,287,False,False,False,False,False
908,5,0.0,0.0025419820751735036,287,False,False,False,False,False
910,4,0.0,0.002321338163208815,287,False,False,False,False,False
911,15,0.0,0.0009165889775917633,287,False,False,False,False,False
942,6,0.0,0.0027077471418060976,287,False,False,False,False,False
928,21,0.0,0.0013171444111228676,287,False,False,False,False,False
899,21,0.0,0.0023777656756248837,287,False,False,False,False,False
900,13,0.0,0.002750155034056148,287,False,False,False,False,False
901,21,0.0,0.0023152606239634456,287,False,False,False,False,False
902,4,0.0,0.0021910040628708364,287,False,False,False,False,False
903,0,0.0,8.3719356662786e-05,287,False,False,False,False,False
904,1,0.0,0.0022972280955502688,287,False,False,False,False,False
905,1,0.0,0.001965332438545809,287,False,False,False,False,False
906,23,0.0,0.002125858352157001,287,False,False,False,False,False
907,0,0.0,0.002271811675497116,287,False,False,False,False,False
876,30,0.0,0.0008004448393405378,287,False,False,False,False,False
102,38,0.0,0.0021908798754383682,287,False,False,False,False,False
878,11,0.0,0.0018055618107840163,287,False,False,False,False,False
91,15,0.0,0.002625743392773182,287,False,False,False,False,False
92,9,0.0,0.0026419681931047364,287,False,False,False,False,False
93,4,0.0,0.000888024745469709,287,False,False,False,False,False
94,5,0.0,8.3719356662786e-05,287,False,False,False,False,False
95,4,0.0,0.002591888655175119,287,False,False,False,False,False
96,20,0.0,0.002536678405641391,287,False,False,False,False,False
97,16,0.0,0.0017864425288416997,287,False,False,False,False,False
99,16,0.0,0.002494717979762426,287,False,False,False,False,False
100,16,0.0,8.3719356662786e-05,287,False,False,False,False,False
101,16,0.0,0.0027105751785822673,287,False,False,False,False,False
877,15,0.0,0.00022822617028210932,287,False,False,False,False,False
993,21,0.0,0.0022300220161914214,287,False,False,False,False,False
979,23,0.0,0.0022905575271665226,287,False,False,False,False,False
981,10,0.0,0.0007033312786996461,287,False,False,False,False,False
982,21,0.0,8.3719356662786e-05,287,False,False,False,False,False
983,10,0.0,0.001473171802272644,287,False,False,False,False,False
984,35,0.0,0.002782346180974921,287,False,False,False,False,False
985,7,0.0,0.0020966107532750904,287,False,False,False,False,False
986,22,0.0,0.0008708638928749993,287,False,False,False,False,False
6,25,0.0,0.002677694114095138,287,False,False,False,False,False
974,5,0.0,0.002332125505642835,287,False,False,False,False,False
943,7,0.0,0.002345023831709692,287,False,False,False,False,False
77,3,0.0,0.0027842434381700042,287,False,False,False,False,False
16,34,0.0,0.0026392086041873803,287,False,False,False,False,False
17,1,0.0,0.002527985740356886,287,False,False,False,False,False
18,1,0.0,0.0012135858863633112,287,False,False,False,False,False
19,14,0.0,0.0022037005425211576,287,False,False,False,False,False
20,9,0.0,8.3719356662786e-05,287,False,False,False,False,False
21,9,0.0,0.00036547341001206293,287,False,False,False,False,False
22,9,0.0,0.0012696028016350278,287,False,False,False,False,False
23,11,0.0,8.3719356662786e-05,287,False,False,False,False,False
24,11,0.0,0.0028077639359464276,287,False,False,False,False,False
25,11,0.0,0.0025918886132900196,287,False,False,False,False,False
76,10,0.0,0.0021783485350967526,287,False,False,False,False,False
944,23,0.0,0.0021136677937392016,287,False,False,False,False,False
945,9,0.0,0.0019772465798488575,287,False,False,False,False,False
949,22,0.0,0.0027755744233521453,287,False,False,False,False,False
953,11,0.0,0.0026790682007694967,287,False,False,False,False,False
954,35,0.0,0.0026030073312859896,287,False,False,False,False,False
924,20,0.0,0.0027901778413815317,287,False,False,False,False,False
925,10,0.0,0.002698430483618232,287,False,False,False,False,False
975,9,0.0,0.0019021649907404851,287,False,False,False,False,False
962,9,0.0,0.0022292367970304966,287,False,False,False,False,False
963,19,0.0,0.0027689060911378536,287,False,False,False,False,False
992,4,0.0,0.0018572729183156207,287,False,False,False,False,False
965,4,0.0,0.0009165889775917633,287,False,False,False,False,False
966,29,0.0,0.0026461761761862124,287,False,False,False,False,False
967,14,0.0,8.3719356662786e-05,287,False,False,False,False,False
968,15,0.0,0.00013020611783753978,287,False,False,False,False,False
969,15,0.0,0.002458247871441668,287,False,False,False,False,False
970,5,0.0,0.00032958326755665217,287,False,False,False,False,False
971,32,0.0,0.002655264481967664,287,False,False,False,False,False
972,15,0.0,0.002200598164579906,287,False,False,False,False,False
941,41,0.0,0.00018775085667324434,287,False,False,False,False,False
973,14,0.0,8.3719356662786e-05,287,False,False,False,False,False
957,14,0.0,0.002521415878889001,287,False,False,False,False,False
964,11,0.0,0.0007033312786996461,287,False,False,False,False,False
824,0,0.0,0.0012792480388858953,287,False,False,False,False,False
825,9,0.0,0.00048668055201436436,287,False,False,False,False,False
826,21,0.0,8.3719356662786e-05,287,False,False,False,False,False
827,14,0.0,0.0007696876943741263,287,False,False,False,False,False
796,17,0.0,0.00246612155158553,287,False,False,False,False,False
797,1,0.0,0.00048668055201436436,287,False,False,False,False,False
798,1,0.0,0.002041755071871803,287,False,False,False,False,False
799,15,0.0,0.002283731310972289,287,False,False,False,False,False
800,15,0.0,0.002320359047372645,287,False,False,False,False,False
801,4,0.0,0.0011970910411069752,287,False,False,False,False,False
898,22,0.0,0.0023162930780301024,287,False,False,False,False,False
74,1,0.0,0.0027984560729480204,287,False,False,False,False,False
106,38,0.0,0.0025597187959082875,287,False,False,False,False,False
108,8,0.0,0.00013020611783753978,287,False,False,False,False,False
109,27,0.0,0.00201578306046708,287,False,False,False,False,False
110,8,0.0,0.0018367250581788849,287,False,False,False,False,False
111,8,0.0,0.0024593945685557313,287,False,False,False,False,False
113,10,0.0,0.0025419820611210266,287,False,False,False,False,False
116,13,0.0,0.0014943921448827909,287,False,False,False,False,False
117,6,0.0,0.002661007632237402,287,False,False,False,False,False
119,10,0.0,0.0024809422780456584,287,False,False,False,False,False
802,4,0.0,0.0026177359259745158,287,False,False,False,False,False
793,23,0.0,8.3719356662786e-05,287,False,False,False,False,False
795,10,0.0,0.002774996181130252,287,False,False,False,False,False
763,34,0.0,0.0019979064434413503,287,False,False,False,False,False
767,18,0.0,0.002640792895234665,287,False,False,False,False,False
768,16,0.0,0.0013571032587053854,287,False,False,False,False,False
770,16,0.0,0.0021415022051298953,287,False,False,False,False,False
773,38,0.0,0.0026236629703922302,287,False,False,False,False,False
804,14,0.0,0.0025172090798923634,287,False,False,False,False,False
805,14,0.0,0.00038140978640435194,287,False,False,False,False,False
806,20,0.0,0.002480912048125541,287,False,False,False,False,False
822,4,0.0,0.0018875238776997916,287,False,False,False,False,False
808,20,0.0,0.002484976237315619,287,False,False,False,False,False
809,22,0.0,0.002635177226502857,287,False,False,False,False,False
811,3,0.0,0.0019234048037184137,287,False,False,False,False,False
780,15,0.0,0.0025862882932594627,287,False,False,False,False,False
781,0,0.0,0.00022822617028210932,287,False,False,False,False,False
783,23,0.0,0.0027576773673510463,287,False,False,False,False,False
626,4,0.0,0.0018293656048585854,287,False,False,False,False,False
786,23,0.0,0.0004439083014246963,287,False,False,False,False,False
787,34,0.0,0.0019415808564649624,287,False,False,False,False,False
820,5,0.0,0.00038140978640435194,287,False,False,False,False,False
821,24,0.0,0.0012135858863633112,287,False,False,False,False,False
807,28,0.0,0.0021780428195905125,287,False,False,False,False,False
835,4,0.0,0.002263762090715517,287,False,False,False,False,False
866,22,0.0,0.0027087655337960366,287,False,False,False,False,False
867,22,0.0,0.0019293353139878406,287,False,False,False,False,False
869,7,0.0,0.0009390581234294244,287,False,False,False,False,False
870,33,0.0,0.0026502637173708102,287,False,False,False,False,False
871,0,0.0,0.001354160627332003,287,False,False,False,False,False
872,1,0.0,0.00257752085791843,287,False,False,False,False,False
874,4,0.0,0.0026509932822276336,287,False,False,False,False,False
875,31,0.0,0.001582875952929577,287,False,False,False,False,False
846,1,0.0,0.0027970183562330544,287,False,False,False,False,False
803,21,0.0,0.0026153835698775824,287,False,False,False,False,False
882,21,0.0,8.3719356662786e-05,287,False,False,False,False,False
883,13,0.0,0.002716719210952363,287,False,False,False,False,False
884,21,0.0,0.0005261614528574439,287,False,False,False,False,False
886,32,0.0,0.002328284682061963,287,False,False,False,False,False
887,9,0.0,0.0021942379973588105,287,False,False,False,False,False
888,32,0.0,0.0019621386171363425,287,False,False,False,False,False
889,38,0.0,0.001440520808769893,287,False,False,False,False,False
860,13,0.0,0.0005897550486429091,287,False,False,False,False,False
864,28,0.0,0.00013020611783753978,287,False,False,False,False,False
865,21,0.0,0.0023349234862149433,287,False,False,False,False,False
897,10,0.0,0.0014049569727522786,287,False,False,False,False,False
847,10,0.0,0.002441519750748019,287,False,False,False,False,False
836,4,0.0,0.001642100753853638,287,False,False,False,False,False
837,6,0.0,0.002616800997224634,287,False,False,False,False,False
838,17,0.0,0.0027050409043684917,287,False,False,False,False,False
839,0,0.0,0.00013020611783753978,287,False,False,False,False,False
840,4,0.0,0.0027575840060476975,287,False,False,False,False,False
842,16,0.0,0.0021910056727877853,287,False,False,False,False,False
813,4,0.0,0.002734930127501239,287,False,False,False,False,False
814,0,0.0,0.0024799203062195953,287,False,False,False,False,False
815,21,0.0,0.00120108904521634,287,False,False,False,False,False
816,13,0.0,0.00013020611783753978,287,False,False,False,False,False
834,6,0.0,0.002058120951958338,287,False,False,False,False,False
852,1,0.0,0.0016099477952036937,287,False,False,False,False,False
853,7,0.0,0.0022543239664685414,287,False,False,False,False,False
855,15,0.0,0.0027473549505487222,287,False,False,False,False,False
856,14,0.0,8.3719356662786e-05,287,False,False,False,False,False
857,0,0.0,0.002790417283482696,287,False,False,False,False,False
858,9,0.0,0.002469400316213912,287,False,False,False,False,False
859,32,0.0,0.0020730026382120245,287,False,False,False,False,False
828,38,0.0,0.0025397320102199983,287,False,False,False,False,False
829,4,0.0,0.00122176789125387,287,False,False,False,False,False
830,14,0.0,0.0024052712680139245,287,False,False,False,False,False
831,31,0.0,8.3719356662786e-05,287,False,False,False,False,False
817,4,0.0,0.002652797244651643,287,False,False,False,False,False
307,1,0.0,0.0015655530742949984,287,False,False,False,False,False
308,1,0.0,0.0022158102016429627,287,False,False,False,False,False
311,1,0.0,0.002696352799306941,287,False,False,False,False,False
312,1,0.0,0.0012997633712009936,287,False,False,False,False,False
314,1,0.0,0.002563086166166144,287,False,False,False,False,False
315,1,0.0,0.0019889838832383776,287,False,False,False,False,False
317,1,0.0,0.002274327788951423,287,False,False,False,False,False
318,10,0.0,0.0026280482268253736,287,False,False,False,False,False
348,0,0.0,0.0004395752982333816,287,False,False,False,False,False
349,0,0.0,0.0026241092146983666,287,False,False,False,False,False
606,21,0.0,0.001709636308611772,287,False,False,False,False,False
351,0,0.0,0.0023949349958769617,287,False,False,False,False,False
352,0,0.0,0.0005250317200703142,287,False,False,False,False,False
320,7,0.0,0.0023793747523218525,287,False,False,False,False,False
323,16,0.0,0.0024261036970615758,287,False,False,False,False,False
325,9,0.0,0.0009830326340665803,287,False,False,False,False,False
328,8,0.0,0.00032958326755665217,287,False,False,False,False,False
330,13,0.0,0.0004439083014246963,287,False,False,False,False,False
331,39,0.0,0.0011070621258741679,287,False,False,False,False,False
365,14,0.0,0.002402144972663775,287,False,False,False,False,False
366,36,0.0,0.001664388192472123,287,False,False,False,False,False
367,10,0.0,0.002667383429378403,287,False,False,False,False,False
350,0,0.0,0.00038140978640435194,287,False,False,False,False,False
291,4,0.0,0.0027564507198715176,287,False,False,False,False,False
292,4,0.0,0.0024038673457205616,287,False,False,False,False,False
293,14,0.0,0.0027208361406006157,287,False,False,False,False,False
294,4,0.0,0.0028024775018481588,287,False,False,False,False,False
295,7,0.0,0.0024799203062195953,287,False,False,False,False,False
296,7,0.0,0.00038140978640435194,287,False,False,False,False,False
297,1,0.0,0.0005250317200703142,287,False,False,False,False,False
299,15,0.0,0.0025404889194795724,287,False,False,False,False,False
300,38,0.0,0.0017051220945041553,287,False,False,False,False,False
301,26,0.0,0.0026110378072236678,287,False,False,False,False,False
305,21,0.0,0.0024888821820014634,287,False,False,False,False,False
179,0,0.0,0.0008125554854258782,287,False,False,False,False,False
210,19,0.0,8.3719356662786e-05,287,False,False,False,False,False
211,22,0.0,0.00022822617028210932,287,False,False,False,False,False
212,34,0.0,0.00022822617028210932,287,False,False,False,False,False
213,14,0.0,0.0014929783286055215,287,False,False,False,False,False
215,1,0.0,0.0015214142922844107,287,False,False,False,False,False
216,17,0.0,0.002660678608039989,287,False,False,False,False,False
218,1,0.0,0.00018775085667324434,287,False,False,False,False,False
219,1,0.0,0.0007696876943741263,287,False,False,False,False,False
192,21,0.0,0.0025929820968477583,287,False,False,False,False,False
303,20,0.0,0.00223816867752321,287,False,False,False,False,False
302,20,0.0,0.002532778809524677,287,False,False,False,False,False
395,7,0.0,0.001574841447112799,287,False,False,False,False,False
396,7,0.0,0.001648014941173616,287,False,False,False,False,False
399,4,0.0,0.0024605321876183875,287,False,False,False,False,False
400,9,0.0,0.002179341857138378,287,False,False,False,False,False
402,0,0.0,0.0025002546949118385,287,False,False,False,False,False
371,16,0.0,0.0026450412929417823,287,False,False,False,False,False
373,36,0.0,0.0026600168206026083,287,False,False,False,False,False
375,8,0.0,8.3719356662786e-05,287,False,False,False,False,False
376,7,0.0,0.001924399417147755,287,False,False,False,False,False
195,21,0.0,0.0018852633899266952,287,False,False,False,False,False
368,7,0.0,0.0022095276306597134,287,False,False,False,False,False
197,4,0.0,0.0025319886709533265,287,False,False,False,False,False
198,4,0.0,0.0021600009619135905,287,False,False,False,False,False
199,4,0.0,0.002764392793772259,287,False,False,False,False,False
201,4,0.0,0.0024500468815143407,287,False,False,False,False,False
202,4,0.0,0.0019317735231203761,287,False,False,False,False,False
203,4,0.0,0.0013442914875677196,287,False,False,False,False,False
172,4,0.0,8.3719356662786e-05,287,False,False,False,False,False
173,38,0.0,0.002668317360516514,287,False,False,False,False,False
174,32,0.0,0.001838781987095793,287,False,False,False,False,False
177,1,0.0,0.0014930094780876456,287,False,False,False,False,False
378,7,0.0,0.002233086829315119,287,False,False,False,False,False
196,5,0.0,0.0025775206873998417,287,False,False,False,False,False
370,10,0.0,0.0005250317200703142,287,False,False,False,False,False
336,13,0.0,0.0019957729929076864,287,False,False,False,False,False
338,13,0.0,0.002705261460142609,287,False,False,False,False,False
339,13,0.0,0.0022767339342226493,287,False,False,False,False,False
340,2,0.0,0.0010689198313927283,287,False,False,False,False,False
341,1,0.0,0.0021843932837066656,287,False,False,False,False,False
344,0,0.0,0.0027723117080795602,287,False,False,False,False,False
345,0,0.0,0.0006544088811514169,287,False,False,False,False,False
346,0,0.0,0.0017857678352209286,287,False,False,False,False,False
380,7,0.0,0.0020289874605630854,287,False,False,False,False,False
394,7,0.0,0.0022439668614824292,287,False,False,False,False,False
384,7,0.0,8.3719356662786e-05,287,False,False,False,False,False
385,7,0.0,0.000752449275296071,287,False,False,False,False,False
386,7,0.0,0.0018350584360620876,287,False,False,False,False,False
353,16,0.0,0.002715033686898181,287,False,False,False,False,False
355,27,0.0,0.0022595695788739075,287,False,False,False,False,False
357,8,0.0,8.3719356662786e-05,287,False,False,False,False,False
358,14,0.0,8.3719356662786e-05,287,False,False,False,False,False
359,14,0.0,0.001164270305581568,287,False,False,False,False,False
360,14,0.0,0.002696352799306941,287,False,False,False,False,False
361,10,0.0,0.0025419820751735036,287,False,False,False,False,False
364,37,0.0,0.0025868564191562538,287,False,False,False,False,False
382,7,0.0,0.0007348169865242899,287,False,False,False,False,False
989,8,0.0,0.00022822617028210932,287,False,False,False,False,False
7,14,0.0,0.002007398610672459,287,False,False,False,False,False
194,21,0.0,0.0021075550506721706,287,False,False,False,False,False
225,1,0.0,0.0021431841041985446,287,False,False,False,False,False
226,1,0.0,0.0020447215759800954,287,False,False,False,False,False
227,1,0.0,0.002455936118168487,287,False,False,False,False,False
228,1,0.0,0.002734503588469867,287,False,False,False,False,False
230,23,0.0,0.0022972200624220337,287,False,False,False,False,False
235,19,0.0,0.0022993258911533656,287,False,False,False,False,False
204,5,0.0,0.0007071684622613721,287,False,False,False,False,False
289,0,0.0,0.002295013282243717,287,False,False,False,False,False
208,22,0.0,0.0025067194345210105,287,False,False,False,False,False
209,19,0.0,0.0025031036169044316,287,False,False,False,False,False
240,19,0.0,0.0007175974353423184,287,False,False,False,False,False
241,19,0.0,0.002426134964963981,287,False,False,False,False,False
242,19,0.0,0.0006401571208157566,287,False,False,False,False,False
244,19,0.0,0.00028536280736559414,287,False,False,False,False,False
246,14,0.0,0.00275278324782314,287,False,False,False,False,False
247,14,0.0,0.0007632195264442195,287,False,False,False,False,False
249,14,0.0,0.0027628928513175935,287,False,False,False,False,False
251,13,0.0,0.0026335356961128364,287,False,False,False,False,False
252,20,0.0,8.3719356662786e-05,287,False,False,False,False,False
206,4,0.0,0.002200105920263374,287,False,False,False,False,False
960,6,0.0,0.00038140978640435194,287,False,False,False,False,False
961,4,0.0,0.00038140978640435194,287,False,False,False,False,False
31,11,0.0,0.0027888078990970775,287,False,False,False,False,False
33,11,0.0,0.0004640924376585752,287,False,False,False,False,False
35,11,0.0,0.002643513822274999,287,False,False,False,False,False
36,11,0.0,8.3719356662786e-05,287,False,False,False,False,False
37,11,0.0,0.0021174630981953646,287,False,False,False,False,False
39,11,0.0,0.0015661453873343917,287,False,False,False,False,False
940,4,0.0,0.0026110378072236678,287,False,False,False,False,False
8,14,0.0,0.0022412046680148658,287,False,False,False,False,False
9,14,0.0,8.3719356662786e-05,287,False,False,False,False,False
1,1,0.0,0.002209833960993137,287,False,False,False,False,False
12,14,0.0,0.001957405486292752,287,False,False,False,False,False
13,26,0.0,0.0026209587396515736,287,False,False,False,False,False
3,21,0.0,0.00032958326755665217,287,False,False,False,False,False
994,21,0.0,0.002764621345493387,287,False,False,False,False,False
995,6,0.0,0.0024476295233589697,287,False,False,False,False,False
996,14,0.0,0.002814804516400504,287,False,False,False,False,False
998,14,0.0,0.00022822617028210932,287,False,False,False,False,False
999,15,0.0,0.0007004754174622966,287,False,False,False,False,False
1002,1,0.0,0.0020345778856250734,287,False,False,False,False,False
1003,6,0.0,0.0022356856830962456,287,False,False,False,False,False
10,9,0.0,0.0010904629212388592,287,False,False,False,False,False
83,36,0.0,0.0024984914300412984,287,False,False,False,False,False
85,1,0.0,0.0008186712576514117,287,False,False,False,False,False
86,36,0.0,0.00270568162790536,287,False,False,False,False,False
87,34,0.0,0.0011439659647922795,287,False,False,False,False,False
89,20,0.0,0.0020184643990699574,287,False,False,False,False,False
59,21,0.0,0.000395488583388112,287,False,False,False,False,False
271,28,0.0,0.0011075346395894503,287,False,False,False,False,False
272,17,0.0,0.002696352799306941,287,False,False,False,False,False
273,17,0.0,0.0024313763446060315,287,False,False,False,False,False
274,17,0.0,0.0026639245582894553,287,False,False,False,False,False
220,1,0.0,0.002734071779269936,287,False,False,False,False,False
276,4,0.0,8.3719356662786e-05,287,False,False,False,False,False
277,0,0.0,0.0026144284922712565,287,False,False,False,False,False
278,0,0.0,0.002721182092780933,287,False,False,False,False,False
279,23,0.0,0.00048668055201436436,287,False,False,False,False,False
282,36,0.0,0.0005600122175584342,287,False,False,False,False,False
283,36,0.0,0.002008241800848734,287,False,False,False,False,False
284,0,0.0,0.0025738822641524313,287,False,False,False,False,False
285,22,0.0,0.0023979492061126572,287,False,False,False,False,False
286,21,0.0,0.0005250317200703142,287,False,False,False,False,False
254,40,0.0,0.001831922562137698,287,False,False,False,False,False
287,15,0.0,8.3719356662786e-05,287,False,False,False,False,False
275,4,0.0,0.002743274176736482,287,False,False,False,False,False
221,1,0.0,0.0009939489124860521,287,False,False,False,False,False
222,1,0.0,8.3719356662786e-05,287,False,False,False,False,False
223,1,0.0,0.002606565744730743,287,False,False,False,False,False
224,1,0.0,0.00229709929135506,287,False,False,False,False,False
60,7,0.0,0.0019429172705787334,287,False,False,False,False,False
259,9,0.0,0.0004439083014246963,287,False,False,False,False,False
260,9,0.0,0.0027962082104060616,287,False,False,False,False,False
262,0,0.0,0.0007632195264442195,287,False,False,False,False,False
263,10,0.0,0.0014470558942266873,287,False,False,False,False,False
265,14,0.0,0.0005600122175584342,287,False,False,False,False,False
266,14,0.0,0.002749061019457293,287,False,False,False,False,False
82,36,0.0,0.002547104000256969,287,False,False,False,False,False
269,17,0.0,0.0013772645822332705,287,False,False,False,False,False
270,4,0.0,0.0022789317707111764,287,False,False,False,False,False
237,19,0.0,0.000395488583388112,287,False,False,False,False,False
238,19,0.0,0.0005897550486429091,287,False,False,False,False,False
239,19,0.0,0.002677416704472576,287,False,False,False,False,False
255,6,0.0,0.0014834208264537573,287,False,False,False,False,False
256,4,0.0,0.002769938971757285,287,False,False,False,False,False
257,0,0.0,0.001817548745109138,287,False,False,False,False,False
79,3,0.0,0.001826428792144225,287,False,False,False,False,False
80,29,0.0,8.3719356662786e-05,287,False,False,False,False,False
81,15,0.0,0.00022822617028210932,287,False,False,False,False,False
268,39,0.0,0.002746769027650993,287,False,False,False,False,False
548,6,0.0,0.0021634756367359563,287,False,False,False,False,False
549,15,0.0,0.002203726587974825,287,False,False,False,False,False
550,15,0.0,0.002685647376795146,287,False,False,False,False,False
519,23,0.0,0.001983354034350989,287,False,False,False,False,False
520,21,0.0,0.0005600122175584342,287,False,False,False,False,False
521,2,0.0,0.00220339437928012,287,False,False,False,False,False
523,4,0.0,0.0020844552650966654,287,False,False,False,False,False
524,9,0.0,0.0013923095028504208,287,False,False,False,False,False
525,14,0.0,0.00016265986264578952,287,False,False,False,False,False
526,4,0.0,0.0027296175503907848,287,False,False,False,False,False
409,26,0.0,0.0026209587406501814,287,False,False,False,False,False
560,31,0.0,8.3719356662786e-05,287,False,False,False,False,False
561,34,0.0,0.002790987057594081,287,False,False,False,False,False
562,4,0.0,0.0014138022254935802,287,False,False,False,False,False
563,4,0.0,0.002190162343254129,287,False,False,False,False,False
564,19,0.0,0.00048668055201436436,287,False,False,False,False,False
566,14,0.0,0.0025617575540731433,287,False,False,False,False,False
567,4,0.0,8.3719356662786e-05,287,False,False,False,False,False
536,15,0.0,8.3719356662786e-05,287,False,False,False,False,False
538,9,0.0,0.002682289880168835,287,False,False,False,False,False
539,3,0.0,0.0009599419901196483,287,False,False,False,False,False
573,14,0.0,0.0026559561858622203,287,False,False,False,False,False
558,14,0.0,0.0027596712584345446,287,False,False,False,False,False
492,40,0.0,0.00022822617028210932,287,False,False,False,False,False
493,4,0.0,0.002781122073170725,287,False,False,False,False,False
495,23,0.0,0.0021910056889262786,287,False,False,False,False,False
496,14,0.0,0.00016265986264578952,287,False,False,False,False,False
497,3,0.0,0.002446432130577758,287,False,False,False,False,False
498,14,0.0,8.3719356662786e-05,287,False,False,False,False,False
501,14,0.0,0.0006619473243663041,287,False,False,False,False,False
528,25,0.0,0.0026636017033928264,287,False,False,False,False,False
530,14,0.0,0.0028203467581083457,287,False,False,False,False,False
531,3,0.0,0.0027403431191227318,287,False,False,False,False,False
545,11,0.0,0.0016403271102888213,287,False,False,False,False,False
502,14,0.0,0.002818153833910156,287,False,False,False,False,False
503,14,0.0,0.002276652338088457,287,False,False,False,False,False
504,14,0.0,8.3719356662786e-05,287,False,False,False,False,False
505,14,0.0,0.002453601200554231,287,False,False,False,False,False
507,31,0.0,0.0014194563472243041,287,False,False,False,False,False
508,15,0.0,0.0015492647736325138,287,False,False,False,False,False
510,14,0.0,0.0025597368001558977,287,False,False,False,False,False
511,0,0.0,0.0021707060986843043,287,False,False,False,False,False
512,23,0.0,0.0025137826424512224,287,False,False,False,False,False
542,4,0.0,0.002792345157557881,287,False,False,False,False,False
543,4,0.0,0.0025956794426800966,287,False,False,False,False,False
533,35,0.0,0.00048668055201436436,287,False,False,False,False,False
599,19,0.0,0.0027235583118761114,287,False,False,False,False,False
570,14,0.0,0.0011814958374026536,287,False,False,False,False,False
572,4,0.0,0.002631031522547799,287,False,False,False,False,False
604,22,0.0,0.00013020611783753978,287,False,False,False,False,False
605,1,0.0,0.0028061943132680744,287,False,False,False,False,False
958,15,0.0,0.0015222063930285946,287,False,False,False,False,False
609,13,0.0,0.0027795911572897473,287,False,False,False,False,False
610,6,0.0,0.0024593946067305947,287,False,False,False,False,False
611,4,0.0,0.0021297774158386628,287,False,False,False,False,False
613,6,0.0,0.001964170631504958,287,False,False,False,False,False
574,4,0.0,0.0015269669909494781,287,False,False,False,False,False
615,35,0.0,0.0005261614528574439,287,False,False,False,False,False
616,6,0.0,0.00032958326755665217,287,False,False,False,False,False
584,4,0.0,0.002307966299707166,287,False,False,False,False,False
585,4,0.0,0.002533640642112871,287,False,False,False,False,False
587,21,0.0,0.0026168009972308854,287,False,False,False,False,False
618,16,0.0,0.0022694103026403073,287,False,False,False,False,False
619,6,0.0,0.0007696876943741263,287,False,False,False,False,False
621,0,0.0,8.3719356662786e-05,287,False,False,False,False,False
623,4,0.0,0.0011070621258741679,287,False,False,False,False,False
624,26,0.0,0.0026293383473111704,287,False,False,False,False,False
625,21,0.0,0.000580715578812758,287,False,False,False,False,False
614,24,0.0,0.002671944065282481,287,False,False,False,False,False
575,0,0.0,0.0027115631595416878,287,False,False,False,False,False
576,4,0.0,0.002388755984902326,287,False,False,False,False,False
578,27,0.0,0.0009345341839229092,287,False,False,False,False,False
579,17,0.0,8.3719356662786e-05,287,False,False,False,False,False
580,16,0.0,0.0024109743855600507,287,False,False,False,False,False
581,3,0.0,0.002792716186939642,287,False,False,False,False,False
582,15,0.0,0.002715033686898181,287,False,False,False,False,False
583,2,0.0,0.00013020611783753978,287,False,False,False,False,False
551,15,0.0,0.0025137824589061743,287,False,False,False,False,False
552,22,0.0,0.0025929820968477583,287,False,False,False,False,False
598,2,0.0,0.0014816864171564882,287,False,False,False,False,False
554,2,0.0,0.0009947228115662278,287,False,False,False,False,False
556,4,0.0,0.002224588257367451,287,False,False,False,False,False
557,3,0.0,0.002347048662847894,287,False,False,False,False,False
588,11,0.0,0.001848702605701867,287,False,False,False,False,False
589,23,0.0,0.002330220629076649,287,False,False,False,False,False
590,11,0.0,0.0024956685820210363,287,False,False,False,False,False
591,23,0.0,0.00274928341146427,287,False,False,False,False,False
593,5,0.0,0.00134052906392994,287,False,False,False,False,False
594,36,0.0,0.0016084513181796587,287,False,False,False,False,False
596,23,0.0,0.002261282442148499,287,False,False,False,False,False
597,23,0.0,0.001726399637214963,287,False,False,False,False,False
553,2,0.0,0.002605556613544945,287,False,False,False,False,False
408,21,0.0,0.001834028219672895,287,False,False,False,False,False
439,13,0.0,0.0027543043626642966,287,False,False,False,False,False
441,14,0.0,0.002235846878397774,287,False,False,False,False,False
442,10,0.0,0.0015371890126833192,287,False,False,False,False,False
444,10,0.0,0.002598333251713039,287,False,False,False,False,False
445,3,0.0,0.0026182006594149517,287,False,False,False,False,False
446,17,0.0,0.0008273152240270866,287,False,False,False,False,False
447,17,0.0,0.0027297700762677914,287,False,False,False,False,False
449,1,0.0,0.0010718209549521697,287,False,False,False,False,False
451,14,0.0,0.0012316650804582642,287,False,False,False,False,False
491,6,0.0,0.00251464598110726,287,False,False,False,False,False
422,35,0.0,0.002765299166277586,287,False,False,False,False,False
45,17,0.0,0.002430077096321496,287,False,False,False,False,False
46,17,0.0,0.002371236767734075,287,False,False,False,False,False
457,4,0.0,0.002316293710878227,287,False,False,False,False,False
458,4,0.0,0.002748949088398507,287,False,False,False,False,False
460,34,0.0,0.0014452606597039326,287,False,False,False,False,False
461,17,0.0,0.001220221112172148,287,False,False,False,False,False
462,30,0.0,0.0026716790995241916,287,False,False,False,False,False
464,4,0.0,0.002523076439484594,287,False,False,False,False,False
465,23,0.0,0.0022067990754249447,287,False,False,False,False,False
466,14,0.0,0.002285827112579988,287,False,False,False,False,False
421,14,0.0,0.002754803460249313,287,False,False,False,False,False
411,28,0.0,0.0011121113265767726,287,False,False,False,False,False
412,21,0.0,8.3719356662786e-05,287,False,False,False,False,False
413,4,0.0,0.0026100536427949095,287,False,False,False,False,False
414,1,0.0,0.0026765753210705556,287,False,False,False,False,False
419,4,0.0,0.0007033312786996461,287,False,False,False,False,False
387,7,0.0,0.0016127817620131318,287,False,False,False,False,False
389,7,0.0,0.0004640924376585752,287,False,False,False,False,False
390,7,0.0,0.0024274567055184654,287,False,False,False,False,False
391,7,0.0,0.0027641621821391333,287,False,False,False,False,False
392,7,0.0,0.0027058901142134107,287,False,False,False,False,False
407,14,0.0,0.0024849764244487624,287,False,False,False,False,False
427,12,0.0,0.00248794943272144,287,False,False,False,False,False
429,17,0.0,0.0028100974600384866,287,False,False,False,False,False
430,14,0.0,0.00013020611783753978,287,False,False,False,False,False
431,37,0.0,0.0014834208264537573,287,False,False,False,False,False
432,37,0.0,0.00256699534542152,287,False,False,False,False,False
434,34,0.0,0.0007004754174622966,287,False,False,False,False,False
435,6,0.0,0.002788732879927692,287,False,False,False,False,False
403,4,0.0,0.0008912421696243969,287,False,False,False,False,False
404,16,0.0,0.00256699534542152,287,False,False,False,False,False
405,38,0.0,0.0022216987157804287,287,False,False,False,False,False
406,14,0.0,0.002007587683657589,287,False,False,False,False,False
426,4,0.0,0.0007885113296775589,287,False,False,False,False,False
161,14,0.0,0.0025476435125076986,287,False,False,False,False,False
162,37,0.0,0.00013020611783753978,287,False,False,False,False,False
163,24,0.0,0.002204554988390589,287,False,False,False,False,False
44,14,0.0,0.00038140978640435194,287,False,False,False,False,False
470,12,0.0,0.002734788531204989,287,False,False,False,False,False
471,31,0.0,0.002409019176678365,287,False,False,False,False,False
472,6,0.0,0.0028205012803583338,287,False,False,False,False,False
473,15,0.0,0.0013171444111228676,287,False,False,False,False,False
474,15,0.0,0.0021123470990032705,287,False,False,False,False,False
475,8,0.0,8.3719356662786e-05,287,False,False,False,False,False
467,15,0.0,0.00038140978640435194,287,False,False,False,False,False
477,8,0.0,0.0024096350786065378,287,False,False,False,False,False
481,22,0.0,0.0018445486103933816,287,False,False,False,False,False
483,3,0.0,0.0023895526188091203,287,False,False,False,False,False
484,4,0.0,0.0027183693716065784,287,False,False,False,False,False
452,14,0.0,0.00036547341001206293,287,False,False,False,False,False
513,35,0.0,0.002582835012516731,287,False,False,False,False,False
515,4,0.0,0.0022067417470984126,287,False,False,False,False,False
487,14,0.0,0.0019375660616591252,287,False,False,False,False,False
488,14,0.0,0.0020596303542989576,287,False,False,False,False,False
489,25,0.0,0.0012378442783240052,287,False,False,False,False,False
490,6,0.0,0.0010459174217815647,287,False,False,False,False,False
476,15,0.0,0.001582875952929577,287,False,False,False,False,False
468,1,0.0,0.0023488524732115284,287,False,False,False,False,False
436,13,0.0,0.00013020611783753978,287,False,False,False,False,False
437,13,0.0,0.0020690176326130173,287,False,False,False,False,False
438,13,0.0,0.0020877643362202593,287,False,False,False,False,False
453,6,0.0,0.0012837205621998662,287,False,False,False,False,False
455,22,0.0,0.00013020611783753978,287,False,False,False,False,False
456,21,0.0,0.0020429683154806417,287,False,False,False,False,False
63,21,0.0,8.3719356662786e-05,287,False,False,False,False,False
64,25,0.0,0.0020319966453469615,287,False,False,False,False,False
65,4,0.0,0.002742901380018096,287,False,False,False,False,False
68,15,0.0,0.0025663517560328025,287,False,False,False,False,False
158,19,0.0,0.0016442013712199754,287,False,False,False,False,False
70,37,0.0,0.002658341469871425,287,False,False,False,False,False
71,37,0.0,0.0022330868798472307,287,False,False,False,False,False
42,34,0.0,0.0024624773615303974,287,False,False,False,False,False
43,14,0.0,0.0005250317200703142,287,False,False,False,False,False
152,37,0.0,0.002554215007495418,287,False,False,False,False,False
181,7,0.0,0.0026241092146983666,287,False,False,False,False,False
182,7,0.0,0.0004212456913329469,287,False,False,False,False,False
183,4,0.0,8.3719356662786e-05,287,False,False,False,False,False
186,40,0.0,0.002403866847453652,287,False,False,False,False,False
187,15,0.0,0.0026427435727925884,287,False,False,False,False,False
157,0,0.0,0.0027627286404735703,287,False,False,False,False,False
69,15,0.0,0.0021876972478684933,287,False,False,False,False,False
