u,v,mu,pendant
168,586,0.9687893626667167,False
178,629,0.9643456262397413,False
586,915,0.9427309716041319,False
746,915,0.9296285297454839,False
316,915,0.9293005467157267,False
316,629,0.9293004071400879,False
586,947,0.9240559231404674,False
774,947,0.9198153783628582,False
718,915,0.915547406488429,False
135,746,0.9153901411896703,False
98,401,0.909297311335235,False
214,746,0.9074120613850855,False
214,987,0.9065259167938892,False
629,891,0.9047802850649876,False
288,629,0.9026880350602059,False
165,401,0.8978266795640261,False
165,316,0.8978266795640261,False
418,977,0.8932038219213259,False
178,418,0.8931351350135447,False
61,718,0.891905373667736,False
629,978,0.889344996006194,False
168,790,0.8874221706591898,False
178,502,0.8850199021911996,False
540,987,0.8846638220795082,False
98,107,0.884395988867861,False
90,356,0.8803584967169638,False
90,506,0.8803563876789745,False
506,738,0.8800486066794422,False
67,165,0.8766773837455653,False
120,454,0.8744134321462013,False
159,214,0.8702825855074235,False
67,207,0.8664809105212806,False
356,765,0.8607376869982453,False
692,746,0.8590551712933758,False
746,935,0.8582229622329877,False
159,334,0.8579187425793202,False
401,415,0.8522908396361881,False
334,607,0.8479520998680327,False
178,569,0.8458859415808206,False
14,506,0.8401147472725471,False
214,951,0.8400698234975329,False
178,605,0.8383031755839384,False
592,927,0.8366463470631511,False
61,450,0.8362746829874347,False
423,977,0.8361349783088143,False
147,416,0.8361349783087844,False
189,718,0.8292071340252746,False
731,746,0.8286583894997964,False
294,586,0.8285592521254116,False
62,159,0.8182881943919437,False
684,746,0.8171149695847746,False
313,356,0.8136831316146832,False
107,335,0.811480568446522,False
443,742,0.811187382041594,False
267,517,0.8101252666964512,False
2,790,0.8085122336627641,False
135,581,0.8068135972586749,False
62,542,0.8060773452892996,False
75,772,0.8052119879095007,False
334,534,0.8049012423699775,False
40,450,0.8020635193121292,False
14,924,0.8019356498075019,False
178,862,0.8018076286189663,False
207,424,0.8011007845666748,False
120,190,0.8005837626224729,False
31,165,0.799476892218067,False
648,765,0.798159952761531,False
356,743,0.7976952009236712,False
112,267,0.7953409382155685,False
738,850,0.7941098771474562,False
175,423,0.7933505901474199,False
595,718,0.793073155934718,False
0,178,0.7924463089685257,False
718,724,0.7919562316132576,False
107,381,0.7913228443087217,False
571,742,0.7909693495631017,False
586,984,0.7889680923643608,False
306,742,0.7875886486688428,False
609,772,0.7849256029460673,False
443,662,0.783493157790725,False
343,534,0.7831890935651925,False
98,707,0.7802575709354549,False
383,720,0.7801010490091351,False
516,790,0.7788406334662007,False
160,629,0.7774851140868337,False
499,684,0.776760533488467,False
32,280,0.7765988527738477,False
193,923,0.7743095155928074,False
377,718,0.7739784667158146,False
189,410,0.7709524222340921,False
67,963,0.7706108971095831,False
306,771,0.7693204650438705,False
680,731,0.7673113398137508,False
422,731,0.7662480617619647,False
288,391,0.764904061213213,False
687,923,0.7644523156842875,False
188,978,0.7643617392213359,False
764,987,0.7642710866756612,False
540,697,0.7641803579193465,False
178,693,0.7639077131024731,False
977,1004,0.7634517688278575,False
178,249,0.7634517688278575,False
157,586,0.7632688503674694,False
178,333,0.7622572193476498,False
423,832,0.7618869896471839,False
506,541,0.76132925275946,False
316,990,0.7604872054504033,False
207,558,0.7599221682994477,False
48,684,0.7598277071562743,False
684,844,0.7594490336124567,False
547,978,0.7592591974170175,False
607,696,0.7588785203052776,False
62,646,0.7586876770207448,False
167,978,0.7584007778284423,False
738,783,0.7578246811795913,False
840,987,0.7577283653773216,False
854,927,0.7561755062226673,False
638,832,0.7552920957066415,False
233,692,0.7547981804275389,False
535,927,0.7506604162566816,False
742,900,0.7503513328710173,False
790,812,0.7500413608553016,False
950,977,0.7497304959760898,False
425,946,0.7496266750452546,False
591,746,0.7495227541423741,False
168,266,0.7493146116491788,False
48,458,0.7492103896717114,False
362,383,0.7482678347784623,False
103,423,0.7480572554935438,False
697,855,0.7477406141438169,False
280,920,0.747634860240843,False
98,268,0.7472108052777175,False
343,663,0.7458210049511363,False
107,236,0.7440855407775674,False
65,75,0.7437569555028529,False
433,987,0.7432072299881919,False
322,343,0.7418762139481746,False
531,987,0.7415408790871403,False
105,418,0.7406415251385203,False
534,622,0.7391220915445263,False
716,718,0.7389347655401205,False
53,193,0.7374334207922579,False
746,813,0.7369672349732848,False
306,784,0.7369672349732516,False
250,927,0.7364990266497387,False
75,220,0.7362641585500073,False
388,534,0.735319541138604,False
248,506,0.7342468683045245,False
873,987,0.7338869291907273,False
447,586,0.7327998504487248,False
526,629,0.7326783852144281,False
214,290,0.7320689999178537,False
14,702,0.7313331662767032,False
178,710,0.7312100380839062,False
369,535,0.7307161157147684,False
153,977,0.7303441847919807,False
581,936,0.729220638908568,False
890,923,0.7290950753699352,False
193,633,0.7284650569432559,False
565,684,0.7284650569421625,False
178,599,0.7279583806680702,False
316,647,0.7278313390415336,False
135,628,0.7269378354813366,False
127,718,0.7268095833834086,False
98,278,0.7261660430434616,False
293,724,0.7259075474721708,False
56,987,0.7251283249589408,False
5,107,0.7246056999701281,False
229,607,0.7244746472970135,False
568,947,0.7242120634754852,False
288,484,0.724080531784042,False
147,577,0.724080531784042,False
147,926,0.7238169862335858,False
823,927,0.723816986166706,False
718,883,0.7228894753576182,False
704,743,0.7227563207006945,False
582,987,0.7216851272981931,False
135,337,0.7197840228000867,False
168,575,0.7192353458355581,False
191,692,0.7190976025503882,False
356,730,0.7185448645980661,False
718,866,0.7172907554004444,False
135,942,0.7165876789771669,False
316,392,0.7153104824226748,False
738,921,0.7150245965610077,False
338,987,0.7148813691365318,False
236,537,0.7148813691365318,False
838,952,0.7147324983577009,False
718,843,0.7138728789012722,False
629,658,0.713583695995453,False
62,485,0.7125634953598299,False
559,622,0.7121232968598737,False
107,670,0.7110891300177944,False
147,347,0.7098949620337226,False
360,629,0.7089905837027263,False
311,987,0.7089905837027263,False
272,450,0.7089905837027103,False
184,423,0.7068504149745626,False
721,765,0.7025991194008074,False
546,550,0.7021162467863897,False
103,310,0.7014690373385583,False
758,956,0.7013066267156934,False
107,980,0.7011439712979027,False
516,881,0.7011439710922359,False
112,674,0.7009810703624121,False
178,538,0.6999984670712713,False
586,762,0.6998338265370062,False
650,738,0.6998338265046743,False
38,832,0.6995037899620339,False
316,953,0.6980060071080807,False
372,595,0.6980060071080744,False
190,656,0.6976703245690771,False
6,178,0.6971648348895304,False
239,951,0.6969958108153751,False
321,499,0.6969958108153719,False
29,506,0.6966569402677868,False
414,891,0.6964871444411337,False
48,319,0.6964871444408823,False
38,324,0.6961466961701521,False
668,746,0.6956340028498345,False
41,565,0.69546256222636,False
178,976,0.6940811436951972,False
614,978,0.6937330083956328,False
415,462,0.6935768079224102,False
978,988,0.6935585187064008,False
516,761,0.6933837464425249,False
135,170,0.6932086906876731,False
650,682,0.6921523509398703,False
173,506,0.6916202782962533,False
719,738,0.6914423362126099,False
214,367,0.6910813846066183,False
41,723,0.690368478105987,False
327,381,0.6898275153227961,False
617,923,0.6896465885164871,False
190,274,0.6891019875531187,False
383,528,0.6889187979981377,False
98,117,0.6874514937982953,False
703,771,0.6874514937982947,False
216,321,0.687266537713128,False
571,776,0.6868956667689491,False
78,178,0.6859628929660568,False
70,334,0.6859625658734603,False
742,863,0.6850219808031744,False
573,586,0.6846433080631024,False
347,933,0.6844534718676607,False
629,631,0.6842633011589312,False
200,971,0.6842633011589312,False
643,685,0.6840727947559232,False
415,833,0.6831151855507697,False
569,749,0.6831151854881438,False
817,978,0.6829226398279518,False
641,987,0.6827297499655728,False
141,978,0.6825365147317092,False
873,874,0.6819547227774425,False
135,870,0.6815651143905106,False
518,854,0.6815650821468661,False
139,534,0.6799891866866269,False
168,966,0.6793967485858304,False
135,371,0.6787977358586812,False
35,978,0.6779938449962366,False
40,187,0.6775896428410462,False
322,879,0.6771839211252975,False
92,316,0.677183921125279,False
178,767,0.6765724642529233,False
122,428,0.6761628906569447,False
16,541,0.6757517554808571,False
809,987,0.6736722784275256,False
133,602,0.6732515299429648,False
251,987,0.6728291346915561,False
118,335,0.6728291334383142,False
40,572,0.6715519381370336,False
107,810,0.6711228248509197,False
4,135,0.6706919985331468,False
329,624,0.670691998513627,False
120,752,0.6704759386965176,False
318,684,0.6700425170374514,False
91,415,0.6688864729428545,False
125,622,0.6685116849989743,False
181,190,0.6680702862271012,False
349,976,0.668070286227101,False
288,773,0.6678489079971061,False
178,409,0.6665110166985926,False
13,738,0.6665110162059135,False
862,909,0.6660613416452479,False
288,445,0.6651563313471709,False
450,802,0.664928887955741,False
587,720,0.6644725581034422,False
738,837,0.6644725581003965,False
164,638,0.6637844249580579,False
112,803,0.6637844248970268,False
147,277,0.6633232197708259,False
185,833,0.6628595334190253,False
301,978,0.6616933011004897,False
159,940,0.6616933011004893,False
413,935,0.6612230526471937,False
223,343,0.6595608570919949,False
107,553,0.6590812036413721,False
954,978,0.6578726596650714,False
444,535,0.6556625786919372,False
147,171,0.6554141968806129,False
737,849,0.6549157116832527,False
316,543,0.654414913359202,False
192,381,0.6531526551187159,False
552,978,0.653152655118713,False
95,987,0.6526435888480313,False
25,48,0.6526435693977367,False
66,782,0.652643341844686,False
758,918,0.651875458564106,False
364,987,0.6503225994095863,False
509,638,0.6501225615355096,False
780,977,0.6500616032720846,False
513,927,0.648482230347994,False
509,634,0.6480584843737773,False
105,374,0.6479505951509689,False
28,987,0.6466099338203761,False
872,987,0.6460689710371852,False
120,196,0.6460688940197622,False
284,731,0.6444296202862038,False
245,264,0.6444294267069011,False
280,281,0.6438773957495129,False
32,143,0.6432732486395867,False
253,290,0.6424850298481453,False
634,788,0.6422043486781096,False
432,987,0.6413578984646197,False
372,404,0.6413578984646197,False
420,559,0.6413578984640363,False
68,987,0.6410742666344004,False
718,754,0.6405047568733168,False
450,695,0.6405047567241913,False
742,769,0.6404924432529325,False
744,912,0.6396448172686702,False
178,314,0.6396448125036779,False
306,659,0.639067693705413,False
149,716,0.6390676937017242,False
253,566,0.6390676936961152,False
715,926,0.6381961800922333,False
510,622,0.6381961791487354,False
106,788,0.638188450956433,False
657,921,0.6379040566390062,False
151,253,0.6361348542759738,False
152,443,0.6358371386409549,False
161,571,0.6330427962810031,False
82,135,0.6328139199673123,False
765,908,0.6306461198367462,False
361,987,0.6306461198367462,False
113,927,0.6306461139167807,False
299,509,0.6300185462369193,False
41,73,0.62970356435704,False
740,788,0.629703505363165,False
738,828,0.6297011628150297,False
622,676,0.6293875417329652,False
440,537,0.629387541732738,False
96,420,0.6284338814837392,False
143,544,0.6284300760309944,False
585,695,0.62718031436527,False
302,316,0.6268254784012736,False
197,923,0.6265008964985636,False
178,929,0.6258488004788733,False
58,909,0.6251927415219171,False
17,316,0.6248632087561832,False
464,980,0.6228645985593065,False
957,978,0.6221900852656767,False
804,881,0.6204851140316185,False
90,997,0.6196442071835098,False
5,491,0.6194490653385601,False
512,978,0.6191014908011856,False
551,927,0.6191014170706096,False
147,686,0.6187527929755365,False
150,415,0.6180519994653857,False
208,236,0.6162798147393389,False
61,522,0.6152024121572723,False
209,356,0.6148408645855856,False
402,788,0.6137114370070155,False
722,927,0.6133824390223208,False
83,784,0.6130147317424663,False
739,746,0.6124160849961917,False
147,590,0.6119040342638563,False
99,178,0.6115312469203228,False
534,939,0.6096465835075133,False
305,946,0.6092484758511854,False
427,955,0.6088850445624205,False
335,664,0.6085016628074639,False
407,843,0.6077307891823206,False
29,808,0.6077307167351995,False
119,812,0.6061723238407207,False
428,806,0.6061606702596571,False
500,814,0.6057791654878119,False
178,295,0.6057791654878119,False
779,843,0.6045906598120098,False
671,692,0.6035788097288182,False
527,710,0.6033896541937473,False
112,1000,0.6029126008878214,False
50,559,0.6021747613040672,False
32,791,0.6021747613040668,False
858,991,0.601766738659437,False
692,775,0.6017655909246025,False
137,771,0.601357024251772,False
796,987,0.6005333326979454,False
595,934,0.6001190448768351,False
707,880,0.5997031605417432,False
518,895,0.5992856651501864,False
343,399,0.5984458021654507,False
288,610,0.5980234091422016,False
111,586,0.5980233949964847,False
969,977,0.5975993513741334,False
66,227,0.5967462125877095,False
337,505,0.5958862729837923,False
369,913,0.5954537199025618,False
166,759,0.595439296931098,False
107,201,0.594583377680504,False
267,478,0.5937059594496132,False
891,995,0.5937002524898135,False
497,977,0.5932645606777468,False
207,847,0.5914806822915482,False
0,732,0.5914804639885893,False
114,718,0.59057041843302,False
480,987,0.5892085649895802,False
672,844,0.5887483431864773,False
273,951,0.5878219696935558,False
45,66,0.5873557560878089,False
390,784,0.5864173270978393,False
241,469,0.5859449097777806,False
139,323,0.585933755941309,False
335,688,0.5854688654936078,False
379,568,0.5849941612092653,False
393,843,0.5840334460666188,False
169,372,0.5830669337736359,False
629,750,0.5815983096573799,False
738,745,0.581104662451276,False
143,580,0.5805803445462725,False
310,477,0.5801099818308026,False
150,471,0.5798940955162823,False
692,830,0.578582907566618,False
135,292,0.5780926965859973,False
186,267,0.5780925229388487,False
118,365,0.5774935952753539,False
147,285,0.5760369529133159,False
316,351,0.5749925079456935,False
229,483,0.5731310290174612,False
576,738,0.5728560393654731,False
107,320,0.5696238812628981,False
544,669,0.5696225258687169,False
335,899,0.5690715922590271,False
46,310,0.5668348910090255,False
72,135,0.5645505765469945,False
4,304,0.5645492064101196,False
306,660,0.563885506554105,False
334,612,0.5625170887223613,False
329,819,0.5622173791522004,False
90,841,0.5611897105798209,False
398,712,0.5598322690908263,False
107,468,0.5592263194321473,False
58,818,0.5591416546860614,False
168,557,0.5586196492093239,False
310,943,0.5579400781832878,False
214,865,0.554556468559966,False
176,586,0.5539353267625523,False
586,974,0.5536214509942221,False
383,589,0.5529868311541891,False
132,388,0.5525156454323251,False
250,886,0.5523433568404038,False
514,603,0.5520824186455217,False
61,243,0.55104241575878,False
748,926,0.5503870127178325,False
565,679,0.55033369047646,False
329,910,0.5500484201781227,False
62,800,0.5497269414422221,False
377,457,0.5483945554986397,False
107,898,0.5483943484607309,False
771,901,0.5480571859679833,False
584,731,0.5456793977082036,False
235,923,0.5428678633986674,False
718,904,0.5421864750998799,False
147,230,0.5421838705062074,False
224,316,0.5421447825151862,False
289,810,0.5414708394732372,False
738,979,0.5400338412730947,False
466,662,0.5385109692453869,False
799,895,0.5378374577234235,False
38,309,0.5370655269777692,False
479,586,0.5364374675823705,False
919,1000,0.5363488640457241,False
270,738,0.5362994762397207,False
178,339,0.5355993701875799,False
41,503,0.535573423807006,False
317,374,0.5348355433459624,False
843,907,0.5340382485921471,False
321,618,0.5332786379975244,False
711,718,0.5325355206186374,False
706,951,0.5325311025743995,False
233,835,0.5314986819527586,False
450,596,0.5307197390871707,False
193,714,0.5301827938733169,False
147,355,0.530182599487708,False
343,853,0.5285432808603728,False
540,736,0.5260118585012286,False
394,571,0.5253133193256186,False
8,544,0.5244545341181533,False
304,441,0.5227928371914028,False
454,1003,0.5227429765815558,False
71,595,0.5219404870359629,False
377,729,0.5219404860661653,False
378,514,0.5219404714833165,False
326,586,0.5218986938915732,False
742,993,0.5210004057901017,False
890,962,0.5207599808570925,False
168,556,0.5193390484991404,False
147,931,0.5193385866787481,False
135,405,0.5184587572588341,False
534,649,0.5171830202848724,False
308,418,0.5166687048911061,False
1,309,0.5148571789262194,False
368,879,0.5147644784294471,False
465,812,0.5139401475171801,False
515,927,0.5139228566775774,False
603,735,0.5135270642501351,False
62,163,0.5132648353975523,False
135,549,0.5130162198743069,False
19,333,0.5130084161375464,False
168,521,0.5129168346562093,False
147,972,0.5120817889568674,False
206,622,0.5119350292869783,False
383,887,0.5101884115237952,False
168,699,0.5099907125985175,False
495,568,0.509229119236281,False
132,842,0.5092291144560742,False
280,902,0.509228638377751,False
102,534,0.5091919738715128,False
563,731,0.5089804769832766,False
69,879,0.5082550530611681,False
341,915,0.5072843415914751,False
397,671,0.5069724542541548,False
374,400,0.5058045065090229,False
76,410,0.505514076304513,False
807,818,0.5054248340792356,False
511,987,0.5032865900880261,False
164,548,0.501182691686737,False
120,198,0.5001732587797436,False
601,919,0.4990588523428478,False
410,777,0.49661326010726364,False
225,951,0.49530366365245054,False
770,927,0.4948181598976369,False
14,611,0.4914390072901354,False
88,950,0.49034167879943563,False
88,906,0.49031134837453044,False
34,997,0.48915159116991963,False
37,313,0.4879052233538873,False
267,944,0.48682000731573966,False
38,474,0.4864429662628255,False
194,863,0.48507704688702996,False
267,751,0.48436280423032624,False
107,985,0.4819661443387501,False
84,534,0.4808476820953392,False
438,818,0.479458563211024,False
104,523,0.4785226956757771,False
743,859,0.4752887147988233,False
437,738,0.4741651803912955,False
488,568,0.47152262993868777,False
746,834,0.4710983858404134,False
226,440,0.46733807626121193,False
456,936,0.46684681247517557,False
159,798,0.4665073852890642,False
319,1002,0.46450252474945536,False
64,534,0.46378259395075283,False
380,712,0.4629445928872754,False
61,89,0.4600186069440853,False
109,913,0.4592741883356583,False
90,283,0.45718370889547827,False
15,406,0.45700266035332293,False
7,810,0.4569504078117177,False
214,763,0.4543311225713566,False
336,926,0.4537433078322753,False
138,383,0.452891917586283,False
315,936,0.45187712355960874,False
178,519,0.4503329999729388,False
738,945,0.4486604079532108,False
678,696,0.44710747054896843,False
107,652,0.44644161481833744,False
281,905,0.4454066264879262,False
90,613,0.4450903612360341,False
316,888,0.44453803761048655,False
629,894,0.443651417176734,False
180,727,0.44364972477443004,False
12,720,0.4432540381568189,False
159,787,0.43897250052136516,False
401,683,0.4380757259540602,False
139,487,0.43788961958735123,False
202,629,0.43633147244519027,False
180,958,0.4344220831515823,True
376,919,0.43435278870877775,False
459,517,0.43425503807657534,False
415,811,0.4340866776860171,False
397,975,0.42841534552424304,False
383,922,0.4277437906675623,False
603,822,0.4245164398887581,False
195,595,0.42391550866926664,False
708,718,0.42088379383858515,False
794,854,0.41655028981269543,False
935,992,0.4164918677425722,False
588,987,0.41422678936135493,False
481,565,0.41313051092452446,False
139,174,0.4116108535962978,False
110,674,0.41106958416413736,False
90,205,0.4108223611826691,False
319,386,0.41063193206349297,False
280,408,0.41036200991111704,False
40,254,0.4098111114277728,False
626,863,0.4091431029475036,False
79,746,0.40837695909622784,True
147,257,0.40606369191530856,False
861,896,0.4049168014912843,False
878,929,0.4029455490350038,False
120,893,0.40124934383266664,False
84,97,0.3979838662476157,False
139,154,0.39792470794161466,False
346,634,0.39780927499755225,False
11,633,0.39580570984904345,False
692,932,0.393371219835771,False
597,738,0.3825101177728257,False
190,486,0.38243606615897996,False
861,934,0.3805459424984812,False
482,606,0.37821150779580237,False
300,784,0.3770570791005415,False
55,595,0.37220001692104715,False
131,738,0.3685925071218037,False
90,144,0.36676143985841736,False
366,956,0.36666540053799923,False
127,916,0.36466581990696656,False
180,215,0.36251134710352273,False
396,761,0.36251053259941707,False
176,836,0.36101359279360973,False
545,946,0.3605656930998248,False
485,691,0.35891529465036154,True
387,851,0.35362664976758523,False
214,852,0.3529139594306387,False
135,594,0.3525381436049147,False
4,848,0.34725916565721116,False
875,923,0.3461257440866012,False
476,923,0.3461257440866012,False
665,746,0.3456773432104498,False
600,956,0.3446977223913848,False
395,514,0.34412204174606154,False
39,923,0.3419591092538499,False
129,926,0.34063168465665516,False
508,738,0.33777564126622234,False
442,506,0.3347884587710735,False
356,574,0.3322632762804338,False
180,990,0.33076403223364426,False
544,741,0.32964356579676307,False
0,705,0.32964356579676307,False
116,159,0.3242769683233716,False
168,177,0.32393908089927664,False
213,374,0.3239314790158974,False
255,577,0.32160214676319376,False
188,431,0.32160214676319376,False
313,598,0.3211805722963241,False
738,747,0.3204566944778903,False
923,983,0.31911552595828424,False
155,784,0.3183026637898469,False
653,738,0.31563383919124716,False
263,369,0.31280415441602144,True
324,460,0.3123712724200234,False
124,823,0.31223605260003773,False
868,889,0.31123120831678375,False
507,782,0.3061721244966544,False
534,562,0.3048159593360859,False
180,897,0.3026971867284588,False
628,937,0.3020059459534181,False
139,524,0.2996747022559625,False
78,130,0.2996747022559625,False
269,987,0.2960897924165139,False
765,845,0.29443126895517496,False
628,871,0.2905977274834798,False
146,326,0.28987218650374824,True
203,306,0.28826048888077427,False
593,718,0.2873709810359556,False
881,928,0.28184959776716995,False
27,147,0.28052147081007894,False
312,333,0.27775996325953634,False
453,595,0.27399167404354174,False
547,824,0.2729424820668742,False
26,40,0.2712435844818702,False
22,663,0.2706834853413701,True
489,534,0.2632621408726281,False
451,469,0.26182003942274035,False
180,829,0.25951319809424334,True
461,506,0.25915313633771603,False
821,823,0.2576105553236903,False
18,896,0.2576105553236903,False
681,718,0.25723608486227134,False
433,815,0.2547158846410357,False
801,1001,0.25379125064272623,False
570,851,0.25019326332742114,False
640,772,0.2500386676250323,False
49,248,0.24705820619148214,True
178,359,0.24623006862999214,False
87,160,0.24156931958852118,False
411,418,0.23426649609881173,False
271,746,0.2332185924999295,False
331,418,0.23311053940149148,True
214,623,0.23311053940149148,True
98,449,0.22507727195172872,False
340,743,0.22441717664806315,False
547,709,0.22188720814660173,False
639,1004,0.21919333923483342,False
490,586,0.21919333923483342,False
757,932,0.21360896052631856,False
185,554,0.20761055847539467,False
221,746,0.2074357865824425,False
127,325,0.2049735939251272,False
448,692,0.20409883477343876,False
189,690,0.20409883477343876,False
661,692,0.20020235161353975,False
332,539,0.19978313483730833,True
586,869,0.19510180543066746,False
214,578,0.19408896916540536,False
911,1004,0.19007627800446414,False
450,965,0.19007627800446414,False
114,403,0.18442245539753785,False
93,752,0.1837056619649067,False
66,986,0.17988716886170458,True
443,677,0.17784640475244784,False
627,890,0.17727303295257674,False
175,446,0.17022688509247844,False
85,844,0.16831288248604737,False
712,827,0.15750466636430271,True
326,930,0.15750466636430271,True
219,448,0.15750466636430271,True
11,619,0.15750466636430271,True
262,810,0.1560862809443445,False
247,534,0.1560862809443445,False
335,385,0.15373019544384542,False
148,486,0.15373019544384542,False
14,382,0.149882252073462,False
204,586,0.14385840694938562,False
419,977,0.14302401633899783,False
167,964,0.14302401633899783,False
142,892,0.14302401633899783,False
184,999,0.14240597368421237,False
73,434,0.14240597368421237,False
345,479,0.13246226348362491,True
242,769,0.12939264611027024,False
733,764,0.12521704154769062,False
362,637,0.12424962068041687,False
848,860,0.11856426983496522,False
90,625,0.1166310618612809,False
520,680,0.11220858832403158,False
282,509,0.11220858832403158,False
243,265,0.11220858832403158,False
184,884,0.10500311090953515,False
184,615,0.10500311090953515,False
738,760,0.10476319838167998,True
694,845,0.10476319838167998,True
352,712,0.10476319838167998,True
297,454,0.10476319838167998,True
286,891,0.10476319838167998,True
43,232,0.10476319838167998,True
15,370,0.10476319838167998,True
731,797,0.0966849976921598,False
586,825,0.0966849976921598,False
533,784,0.0966849976921598,False
459,564,0.0966849976921598,False
184,279,0.0966849976921598,False
72,348,0.08684675790573966,False
182,948,0.08304321423962768,False
59,423,0.07771059207970096,False
772,805,0.07480572554935438,True
532,820,0.07480572554935438,True
467,650,0.07480572554935438,True
335,726,0.07480572554935438,True
326,938,0.07480572554935438,True
231,350,0.07480572554935438,True
184,296,0.07480572554935438,True
44,499,0.07480572554935438,True
34,960,0.07480572554935438,True
2,961,0.07480572554935438,True
717,731,0.07155453158293024,False
452,595,0.07155453158293024,False
115,843,0.07155453158293024,False
772,970,0.06427345741091393,False
667,988,0.06427345741091393,False
105,616,0.06427345741091393,False
90,244,0.05536214282641845,False
54,155,0.05536214282641845,False
877,926,0.043873460169721004,True
778,881,0.043873460169721004,True
424,989,0.043873460169721004,True
248,492,0.043873460169721004,True
212,214,0.043873460169721004,True
211,628,0.043873460169721004,True
191,675,0.043873460169721004,True
184,781,0.043873460169721004,True
4,81,0.043873460169721004,True
2,998,0.043873460169721004,True
2,57,0.043873460169721004,True
850,967,0.015432381834209597,True
644,826,0.015432381834209597,True
621,718,0.015432381834209597,True
586,655,0.015432381834209597,True
567,586,0.015432381834209597,True
560,744,0.015432381834209597,True
527,785,0.015432381834209597,True
506,982,0.015432381834209597,True
506,903,0.015432381834209597,True
506,856,0.015432381834209597,True
475,782,0.015432381834209597,True
415,504,0.015432381834209597,True
412,794,0.015432381834209597,True
384,790,0.015432381834209597,True
327,358,0.015432381834209597,True
287,782,0.015432381834209597,True
276,674,0.015432381834209597,True
264,632,0.015432381834209597,True
264,375,0.015432381834209597,True
252,506,0.015432381834209597,True
243,793,0.015432381834209597,True
222,1004,0.015432381834209597,True
217,357,0.015432381834209597,True
214,882,0.015432381834209597,True
210,744,0.015432381834209597,True
200,636,0.015432381834209597,True
183,688,0.015432381834209597,True
172,324,0.015432381834209597,True
168,756,0.015432381834209597,True
164,498,0.015432381834209597,True
145,522,0.015432381834209597,True
142,831,0.015432381834209597,True
135,973,0.015432381834209597,True
128,765,0.015432381834209597,True
123,180,0.015432381834209597,True
121,648,0.015432381834209597,True
120,642,0.015432381834209597,True
115,536,0.015432381834209597,True
100,765,0.015432381834209597,True
94,232,0.015432381834209597,True
80,267,0.015432381834209597,True
63,205,0.015432381834209597,True
55,579,0.015432381834209597,True
52,689,0.015432381834209597,True
51,841,0.015432381834209597,True
47,769,0.015432381834209597,True
36,120,0.015432381834209597,True
23,586,0.015432381834209597,True
20,885,0.015432381834209597,True
9,166,0.015432381834209597,True
