setting,wave,S1_rank,S1_first,tau_positive,tau_pass,jaccard_top,jaccard_pass,top_size_main,top_size_other
lambda_x0.5,0.01,1,True,0.772467947869722,True,0.6129032258064516,True,50,50
lambda_x0.5,0.05,1,True,0.772467947869722,True,0.6129032258064516,True,50,50
lambda_x0.5,0.1,1,True,0.772467947869722,True,0.6129032258064516,True,50,50
lambda_x2,0.01,1,True,0.8152278672724769,True,0.6666666666666666,True,50,50
lambda_x2,0.05,1,True,0.8152278672724769,True,0.6666666666666666,True,50,50
lambda_x2,0.1,1,True,0.8152278672724769,True,0.6666666666666666,True,50,50
eta0,0.01,1,True,0.7672956533685927,True,0.7241379310344828,True,50,50
eta0,0.05,1,True,0.7672956533685927,True,0.7241379310344828,True,50,50
eta0,0.1,1,True,0.7672956533685927,True,0.7241379310344828,True,50,50
