strategy,L_S (mean R),T,disconnected,lcc_share,L_S 95% CI,setting,wave
S1 Fuzzy KS,0.0181109125304017,0.0318112742775607,0.0166696506048847,0.9916237456371348,,main,0.01
S2 Crisp degree,0.004838624076621,0.0201140273142615,0.0099814453790444,0.9949966367712224,,main,0.01
S3 Crisp betweenness,0.0047292636508948,0.019990471376062,0.0142381644624463,0.9928463718129616,,main,0.01
S4 Weighted degree,0.0056891830830789,0.0209924293963472,0.0112000771547703,0.9943837586257864,,main,0.01
S5 Weighted betweenness,0.0074197926860073,0.0226917736765321,0.0144424653488884,0.9927514137936336,,main,0.01
S6 Random (mean),0.0005226896874749,0.0118720051433649,0.0008678919641128,0.9995657515120386,"(np.float64(0.00041865671422463885), np.float64(0.0006267226607253588))",main,0.01
S1 Fuzzy KS,0.0495124224182529,0.1123617071953348,0.0535198920329605,0.9728000466867316,,main,0.05
S2 Crisp degree,0.0215280602270822,0.0888994564557504,0.034499100421096,0.9825724870223808,,main,0.05
S3 Crisp betweenness,0.0254623107479096,0.0922762314484757,0.0532260712595969,0.972958010639362,,main,0.05
S4 Weighted degree,0.0243588136871486,0.0919005780362373,0.0368820971094169,0.98134999960091,,main,0.05
S5 Weighted betweenness,0.0312070231591999,0.0981764867194134,0.0421216070809236,0.9786663878360374,,main,0.05
S6 Random (mean),0.002847852599436,0.0534212441445657,0.0051927783627474,0.9973983102422164,"(np.float64(0.002564173986691028), np.float64(0.003131531212181165))",main,0.05
S1 Fuzzy KS,0.0761880931970189,0.1917575216310918,0.0833433177944537,0.9572577140615918,,main,0.1
S2 Crisp degree,0.0454465190589116,0.1695732110515858,0.0618310155078636,0.9684612306700456,,main,0.1
S3 Crisp betweenness,0.0528508561501353,0.1748842100800405,0.0914048248514188,0.952938155805152,,main,0.1
S4 Weighted degree,0.0476521287054167,0.1720635426588813,0.0607426181348474,0.9690571107928102,,main,0.1
S5 Weighted betweenness,0.0567287027215882,0.1793007345252717,0.0724923235590421,0.9629023363991546,,main,0.1
S6 Random (mean),0.005800681649251,0.102619044615415,0.0101555531984947,0.994903838320194,"(np.float64(0.005402173430158009), np.float64(0.006199189868344164))",main,0.1
S1 Fuzzy KS,0.0227955952034239,0.0375923428938211,0.0063223675602649,0.9968341066241742,,lambda_x0.5,0.01
S2 Crisp degree,0.0063323950112702,0.0221578857943388,0.0099814453790444,0.9949966367712224,,lambda_x0.5,0.01
S3 Crisp betweenness,0.0057195106483173,0.0215422225628328,0.0142381644624463,0.9928463718129616,,lambda_x0.5,0.01
S4 Weighted degree,0.007748454273768,0.023596803852166,0.0118091785104917,0.9940770101595288,,lambda_x0.5,0.01
S5 Weighted betweenness,0.0100239734044195,0.0258281273204613,0.0152540098447176,0.9923443862493212,,lambda_x0.5,0.01
S6 Random (mean),0.0007368856761865,0.012117966907464,0.0008678919641128,0.9995657515120386,"(np.float64(0.0005919603607260001), np.float64(0.0008818109916471519))",lambda_x0.5,0.01
S1 Fuzzy KS,0.0638689247924656,0.1276909837751159,0.0371386970477755,0.9812096029084536,,lambda_x0.5,0.05
S2 Crisp degree,0.0291219119739834,0.0982331747184478,0.034499100421096,0.9825724870223808,,lambda_x0.5,0.05
S3 Crisp betweenness,0.0323359297364667,0.100917620279551,0.0532260712595969,0.972958010639362,,lambda_x0.5,0.05
S4 Weighted degree,0.0361473800398182,0.1050729659957076,0.0366413708477829,0.9814709191766352,,lambda_x0.5,0.05
S5 Weighted betweenness,0.0466673767994043,0.1147442809858789,0.040437223684299,0.9795377742430152,,lambda_x0.5,0.05
S6 Random (mean),0.0038518881015016,0.0543557562302387,0.0051927783627474,0.9973983102422164,"(np.float64(0.003457366293811634), np.float64(0.004246409909191721))",lambda_x0.5,0.05
S1 Fuzzy KS,0.1010779682748689,0.217185075333248,0.0654598921298594,0.966575785737683,,lambda_x0.5,0.1
S2 Crisp degree,0.061966367510064,0.1875122560205592,0.0618310155078636,0.9684612306700456,,lambda_x0.5,0.1
S3 Crisp betweenness,0.0668179239451104,0.1903662970988348,0.0914048248514188,0.952938155805152,,lambda_x0.5,0.1
S4 Weighted degree,0.0693319310346786,0.1945049724447757,0.0618223211042053,0.9684926418572524,,lambda_x0.5,0.1
S5 Weighted betweenness,0.0818382649645554,0.2044116383191129,0.0704366970568489,0.9639873732721596,,lambda_x0.5,0.1
S6 Random (mean),0.0078202040609039,0.1043276477604067,0.0101555531984947,0.994903838320194,"(np.float64(0.007281436946900961), np.float64(0.008358971174906941))",lambda_x0.5,0.1
S1 Fuzzy KS,0.0152986210443703,0.0288134516481748,0.0235336048558635,0.988152872954611,,lambda_x2,0.01
S2 Crisp degree,0.003956686718313,0.0188671701589651,0.0099814453790444,0.9949966367712224,,lambda_x2,0.01
S3 Crisp betweenness,0.0043411084375715,0.0192293397656589,0.0142381644624463,0.9928463718129616,,lambda_x2,0.01
S4 Weighted degree,0.0043423456890966,0.0192852753341304,0.0105903568668363,0.9946908210618152,,lambda_x2,0.01
S5 Weighted betweenness,0.0058032977586647,0.0207217475824721,0.0158611249121003,0.9920340979458724,,lambda_x2,0.01
S6 Random (mean),0.0003821592198369,0.0116984989777105,0.0008678919641128,0.9995657515120386,"(np.float64(0.0002993746967875615), np.float64(0.0004649437428863439))",lambda_x2,0.01
S1 Fuzzy KS,0.0414113785414146,0.1027866141083256,0.0686952943805278,0.9649375984889204,,lambda_x2,0.05
S2 Crisp degree,0.0161364908420518,0.082366413566271,0.034499100421096,0.9825724870223808,,lambda_x2,0.05
S3 Crisp betweenness,0.0206577398563014,0.0863159867019532,0.0532260712595969,0.972958010639362,,lambda_x2,0.05
S4 Weighted degree,0.0172642929342441,0.0836920378796512,0.0358946570081964,0.9818593527098526,,lambda_x2,0.05
S5 Weighted betweenness,0.0228116217464403,0.0888408193554446,0.0459972134994707,0.97667914668279,,lambda_x2,0.05
S6 Random (mean),0.0021702281031426,0.0527870355845031,0.0051927783627474,0.9973983102422164,"(np.float64(0.0019498346250543886), np.float64(0.002390621581230836))",lambda_x2,0.05
S1 Fuzzy KS,0.06208613072687756,0.176746195073878,0.10388084068240082,0.9463864856856183,,lambda_x2,0.1
S2 Crisp degree,0.03390799276041087,0.15706857763243998,0.06183101550786361,0.9684612306700455,,lambda_x2,0.1
S3 Crisp betweenness,0.04277080153443191,0.16385790600996847,0.09140482485141889,0.9529381558051521,,lambda_x2,0.1
S4 Weighted degree,0.033604757968045386,0.15728243352142623,0.05989249446740575,0.9694937830870866,,lambda_x2,0.1
S5 Weighted betweenness,0.04269422924653215,0.16467993874949433,0.07623726232595845,0.9609489634544712,,lambda_x2,0.1
S6 Random (mean),0.004449464684456998,0.10148639917756375,0.010155553198494783,0.9949038383201941,"(np.float64(0.004127586159028102), np.float64(0.004771343209885894))",lambda_x2,0.1
S1 Fuzzy KS,0.01666017947298416,0.030932669121336343,0.009165596214090254,0.9954082345640611,,eta0,0.01
S2 Crisp degree,0.003954553017740897,0.01988729535929537,0.009981445379044414,0.9949966367712225,,eta0,0.01
S3 Crisp betweenness,0.004054867901483888,0.01997110477230334,0.014238164462446398,0.9928463718129615,,eta0,0.01
S4 Weighted degree,0.0048378615273197345,0.020802626005555262,0.011809178510491795,0.9940770101595289,,eta0,0.01
S5 Weighted betweenness,0.006665563690323495,0.02259761763706105,0.014037833166133551,0.9929550799926146,,eta0,0.01
S6 Random (mean),0.00048652702109635806,0.011864854948903682,0.0008678919641128183,0.9995657515120386,"(np.float64(0.0003886195889644512), np.float64(0.0005844344532282649))",eta0,0.01
S1 Fuzzy KS,0.04638410820061974,0.11186484630787151,0.046529588062002275,0.9763916874377037,,eta0,0.05
S2 Crisp degree,0.020475372389407696,0.09058646163579034,0.03449910042109605,0.9825724870223809,,eta0,0.05
S3 Crisp betweenness,0.023382662659674067,0.09307413891491217,0.05322607125959698,0.9729580106393619,,eta0,0.05
S4 Weighted degree,0.023009941932156032,0.09341981299460883,0.0375392427110178,0.9810130430504198,,eta0,0.05
S5 Weighted betweenness,0.030108600102725255,0.0999060379255888,0.042731366748478966,0.9783566934633987,,eta0,0.05
S6 Random (mean),0.002590045983139622,0.05321463802261924,0.005192778362747445,0.9973983102422163,"(np.float64(0.0023246144198426594), np.float64(0.0028554775464365843))",eta0,0.05
S1 Fuzzy KS,0.07203234910967635,0.19303837433077428,0.07219341212629071,0.9631023569491458,,eta0,0.1
S2 Crisp degree,0.04494912992517346,0.17388598948245987,0.06183101550786361,0.9684612306700455,,eta0,0.1
S3 Crisp betweenness,0.04923192405354492,0.17641124639897182,0.09140482485141889,0.9529381558051521,,eta0,0.1
S4 Weighted degree,0.04733268103456853,0.1766141073640211,0.061220346626755996,0.9688116497369332,,eta0,0.1
S5 Weighted betweenness,0.05555089565729147,0.18289313488815093,0.07368720844171836,0.9622739498186361,,eta0,0.1
S6 Random (mean),0.005295581396244285,0.10219028521059585,0.010155553198494783,0.9949038383201941,"(np.float64(0.004921282385115684), np.float64(0.005669880407372887))",eta0,0.1
